Africa/Abidjan,GMT,0 years 0 mons 0 days 0 hours 0 mins 0.00 secs,false
Africa/Accra,GMT,0 years 0 mons 0 days 0 hours 0 mins 0.00 secs,false
Africa/Addis_Ababa,EAT,0 years 0 mons 0 days 3 hours 0 mins 0.00 secs,false
Africa/Algiers,CET,0 years 0 mons 0 days 1 hours 0 mins 0.00 secs,false
Africa/Asmara,EAT,0 years 0 mons 0 days 3 hours 0 mins 0.00 secs,false
Africa/Asmera,EAT,0 years 0 mons 0 days 3 hours 0 mins 0.00 secs,false
Africa/Bamako,GMT,0 years 0 mons 0 days 0 hours 0 mins 0.00 secs,false
Africa/Bangui,WAT,0 years 0 mons 0 days 1 hours 0 mins 0.00 secs,false
Africa/Banjul,GMT,0 years 0 mons 0 days 0 hours 0 mins 0.00 secs,false
Africa/Bissau,GMT,0 years 0 mons 0 days 0 hours 0 mins 0.00 secs,false
Africa/Blantyre,CAT,0 years 0 mons 0 days 2 hours 0 mins 0.00 secs,false
Africa/Brazzaville,WAT,0 years 0 mons 0 days 1 hours 0 mins 0.00 secs,false
Africa/Bujumbura,CAT,0 years 0 mons 0 days 2 hours 0 mins 0.00 secs,false
Africa/Cairo,EET,0 years 0 mons 0 days 2 hours 0 mins 0.00 secs,false
Africa/Casablanca,+00,0 years 0 mons 0 days 0 hours 0 mins 0.00 secs,true
Africa/Ceuta,CEST,0 years 0 mons 0 days 2 hours 0 mins 0.00 secs,true
Africa/Conakry,GMT,0 years 0 mons 0 days 0 hours 0 mins 0.00 secs,false
Africa/Dakar,GMT,0 years 0 mons 0 days 0 hours 0 mins 0.00 secs,false
Africa/Dar_es_Salaam,EAT,0 years 0 mons 0 days 3 hours 0 mins 0.00 secs,false
Africa/Djibouti,EAT,0 years 0 mons 0 days 3 hours 0 mins 0.00 secs,false
Africa/Douala,WAT,0 years 0 mons 0 days 1 hours 0 mins 0.00 secs,false
Africa/El_Aaiun,+00,0 years 0 mons 0 days 0 hours 0 mins 0.00 secs,true
Africa/Freetown,GMT,0 years 0 mons 0 days 0 hours 0 mins 0.00 secs,false
Africa/Gaborone,CAT,0 years 0 mons 0 days 2 hours 0 mins 0.00 secs,false
Africa/Harare,CAT,0 years 0 mons 0 days 2 hours 0 mins 0.00 secs,false
Africa/Johannesburg,SAST,0 years 0 mons 0 days 2 hours 0 mins 0.00 secs,false
Africa/Juba,EAT,0 years 0 mons 0 days 3 hours 0 mins 0.00 secs,false
Africa/Kampala,EAT,0 years 0 mons 0 days 3 hours 0 mins 0.00 secs,false
Africa/Khartoum,CAT,0 years 0 mons 0 days 2 hours 0 mins 0.00 secs,false
Africa/Kigali,CAT,0 years 0 mons 0 days 2 hours 0 mins 0.00 secs,false
Africa/Kinshasa,WAT,0 years 0 mons 0 days 1 hours 0 mins 0.00 secs,false
Africa/Lagos,WAT,0 years 0 mons 0 days 1 hours 0 mins 0.00 secs,false
Africa/Libreville,WAT,0 years 0 mons 0 days 1 hours 0 mins 0.00 secs,false
Africa/Lome,GMT,0 years 0 mons 0 days 0 hours 0 mins 0.00 secs,false
Africa/Luanda,WAT,0 years 0 mons 0 days 1 hours 0 mins 0.00 secs,false
Africa/Lubumbashi,CAT,0 years 0 mons 0 days 2 hours 0 mins 0.00 secs,false
Africa/Lusaka,CAT,0 years 0 mons 0 days 2 hours 0 mins 0.00 secs,false
Africa/Malabo,WAT,0 years 0 mons 0 days 1 hours 0 mins 0.00 secs,false
Africa/Maputo,CAT,0 years 0 mons 0 days 2 hours 0 mins 0.00 secs,false
Africa/Maseru,SAST,0 years 0 mons 0 days 2 hours 0 mins 0.00 secs,false
Africa/Mbabane,SAST,0 years 0 mons 0 days 2 hours 0 mins 0.00 secs,false
Africa/Mogadishu,EAT,0 years 0 mons 0 days 3 hours 0 mins 0.00 secs,false
Africa/Monrovia,GMT,0 years 0 mons 0 days 0 hours 0 mins 0.00 secs,false
Africa/Nairobi,EAT,0 years 0 mons 0 days 3 hours 0 mins 0.00 secs,false
Africa/Ndjamena,WAT,0 years 0 mons 0 days 1 hours 0 mins 0.00 secs,false
Africa/Niamey,WAT,0 years 0 mons 0 days 1 hours 0 mins 0.00 secs,false
Africa/Nouakchott,GMT,0 years 0 mons 0 days 0 hours 0 mins 0.00 secs,false
Africa/Ouagadougou,GMT,0 years 0 mons 0 days 0 hours 0 mins 0.00 secs,false
Africa/Porto-Novo,WAT,0 years 0 mons 0 days 1 hours 0 mins 0.00 secs,false
Africa/Sao_Tome,GMT,0 years 0 mons 0 days 0 hours 0 mins 0.00 secs,false
Africa/Timbuktu,GMT,0 years 0 mons 0 days 0 hours 0 mins 0.00 secs,false
Africa/Tripoli,EET,0 years 0 mons 0 days 2 hours 0 mins 0.00 secs,false
Africa/Tunis,CET,0 years 0 mons 0 days 1 hours 0 mins 0.00 secs,false
Africa/Windhoek,CAT,0 years 0 mons 0 days 2 hours 0 mins 0.00 secs,false
America/Adak,HDT,0 years 0 mons 0 days -9 hours 0 mins -0.00 secs,true
America/Anchorage,AKDT,0 years 0 mons 0 days -8 hours 0 mins -0.00 secs,true
America/Anguilla,AST,0 years 0 mons 0 days -4 hours 0 mins -0.00 secs,false
America/Antigua,AST,0 years 0 mons 0 days -4 hours 0 mins -0.00 secs,false
America/Araguaina,-03,0 years 0 mons 0 days -3 hours 0 mins -0.00 secs,false
America/Argentina/Buenos_Aires,-03,0 years 0 mons 0 days -3 hours 0 mins -0.00 secs,false
America/Argentina/Catamarca,-03,0 years 0 mons 0 days -3 hours 0 mins -0.00 secs,false
America/Argentina/ComodRivadavia,-03,0 years 0 mons 0 days -3 hours 0 mins -0.00 secs,false
America/Argentina/Cordoba,-03,0 years 0 mons 0 days -3 hours 0 mins -0.00 secs,false
America/Argentina/Jujuy,-03,0 years 0 mons 0 days -3 hours 0 mins -0.00 secs,false
America/Argentina/La_Rioja,-03,0 years 0 mons 0 days -3 hours 0 mins -0.00 secs,false
America/Argentina/Mendoza,-03,0 years 0 mons 0 days -3 hours 0 mins -0.00 secs,false
America/Argentina/Rio_Gallegos,-03,0 years 0 mons 0 days -3 hours 0 mins -0.00 secs,false
America/Argentina/Salta,-03,0 years 0 mons 0 days -3 hours 0 mins -0.00 secs,false
America/Argentina/San_Juan,-03,0 years 0 mons 0 days -3 hours 0 mins -0.00 secs,false
America/Argentina/San_Luis,-03,0 years 0 mons 0 days -3 hours 0 mins -0.00 secs,false
America/Argentina/Tucuman,-03,0 years 0 mons 0 days -3 hours 0 mins -0.00 secs,false
America/Argentina/Ushuaia,-03,0 years 0 mons 0 days -3 hours 0 mins -0.00 secs,false
America/Aruba,AST,0 years 0 mons 0 days -4 hours 0 mins -0.00 secs,false
America/Asuncion,-04,0 years 0 mons 0 days -4 hours 0 mins -0.00 secs,false
America/Atikokan,EST,0 years 0 mons 0 days -5 hours 0 mins -0.00 secs,false
America/Atka,HDT,0 years 0 mons 0 days -9 hours 0 mins -0.00 secs,true
America/Bahia,-03,0 years 0 mons 0 days -3 hours 0 mins -0.00 secs,false
America/Bahia_Banderas,CDT,0 years 0 mons 0 days -5 hours 0 mins -0.00 secs,true
America/Barbados,AST,0 years 0 mons 0 days -4 hours 0 mins -0.00 secs,false
America/Belem,-03,0 years 0 mons 0 days -3 hours 0 mins -0.00 secs,false
America/Belize,CST,0 years 0 mons 0 days -6 hours 0 mins -0.00 secs,false
America/Blanc-Sablon,AST,0 years 0 mons 0 days -4 hours 0 mins -0.00 secs,false
America/Boa_Vista,-04,0 years 0 mons 0 days -4 hours 0 mins -0.00 secs,false
America/Bogota,-05,0 years 0 mons 0 days -5 hours 0 mins -0.00 secs,false
America/Boise,MDT,0 years 0 mons 0 days -6 hours 0 mins -0.00 secs,true
America/Buenos_Aires,-03,0 years 0 mons 0 days -3 hours 0 mins -0.00 secs,false
America/Cambridge_Bay,MDT,0 years 0 mons 0 days -6 hours 0 mins -0.00 secs,true
America/Campo_Grande,-04,0 years 0 mons 0 days -4 hours 0 mins -0.00 secs,false
America/Cancun,EST,0 years 0 mons 0 days -5 hours 0 mins -0.00 secs,false
America/Caracas,-04,0 years 0 mons 0 days -4 hours 0 mins -0.00 secs,false
America/Catamarca,-03,0 years 0 mons 0 days -3 hours 0 mins -0.00 secs,false
America/Cayenne,-03,0 years 0 mons 0 days -3 hours 0 mins -0.00 secs,false
America/Cayman,EST,0 years 0 mons 0 days -5 hours 0 mins -0.00 secs,false
America/Chicago,CDT,0 years 0 mons 0 days -5 hours 0 mins -0.00 secs,true
America/Chihuahua,MDT,0 years 0 mons 0 days -6 hours 0 mins -0.00 secs,true
America/Coral_Harbour,EST,0 years 0 mons 0 days -5 hours 0 mins -0.00 secs,false
America/Cordoba,-03,0 years 0 mons 0 days -3 hours 0 mins -0.00 secs,false
America/Costa_Rica,CST,0 years 0 mons 0 days -6 hours 0 mins -0.00 secs,false
America/Creston,MST,0 years 0 mons 0 days -7 hours 0 mins -0.00 secs,false
America/Cuiaba,-04,0 years 0 mons 0 days -4 hours 0 mins -0.00 secs,false
America/Curacao,AST,0 years 0 mons 0 days -4 hours 0 mins -0.00 secs,false
America/Danmarkshavn,GMT,0 years 0 mons 0 days 0 hours 0 mins 0.00 secs,false
America/Dawson,PDT,0 years 0 mons 0 days -7 hours 0 mins -0.00 secs,true
America/Dawson_Creek,MST,0 years 0 mons 0 days -7 hours 0 mins -0.00 secs,false
America/Denver,MDT,0 years 0 mons 0 days -6 hours 0 mins -0.00 secs,true
America/Detroit,EDT,0 years 0 mons 0 days -4 hours 0 mins -0.00 secs,true
America/Dominica,AST,0 years 0 mons 0 days -4 hours 0 mins -0.00 secs,false
America/Edmonton,MDT,0 years 0 mons 0 days -6 hours 0 mins -0.00 secs,true
America/Eirunepe,-05,0 years 0 mons 0 days -5 hours 0 mins -0.00 secs,false
America/El_Salvador,CST,0 years 0 mons 0 days -6 hours 0 mins -0.00 secs,false
America/Ensenada,PDT,0 years 0 mons 0 days -7 hours 0 mins -0.00 secs,true
America/Fortaleza,-03,0 years 0 mons 0 days -3 hours 0 mins -0.00 secs,false
America/Fort_Nelson,MST,0 years 0 mons 0 days -7 hours 0 mins -0.00 secs,false
America/Fort_Wayne,EDT,0 years 0 mons 0 days -4 hours 0 mins -0.00 secs,true
America/Glace_Bay,ADT,0 years 0 mons 0 days -3 hours 0 mins -0.00 secs,true
America/Godthab,-02,0 years 0 mons 0 days -2 hours 0 mins -0.00 secs,true
America/Goose_Bay,ADT,0 years 0 mons 0 days -3 hours 0 mins -0.00 secs,true
America/Grand_Turk,EDT,0 years 0 mons 0 days -4 hours 0 mins -0.00 secs,true
America/Grenada,AST,0 years 0 mons 0 days -4 hours 0 mins -0.00 secs,false
America/Guadeloupe,AST,0 years 0 mons 0 days -4 hours 0 mins -0.00 secs,false
America/Guatemala,CST,0 years 0 mons 0 days -6 hours 0 mins -0.00 secs,false
America/Guayaquil,-05,0 years 0 mons 0 days -5 hours 0 mins -0.00 secs,false
America/Guyana,-04,0 years 0 mons 0 days -4 hours 0 mins -0.00 secs,false
America/Halifax,ADT,0 years 0 mons 0 days -3 hours 0 mins -0.00 secs,true
America/Havana,CDT,0 years 0 mons 0 days -4 hours 0 mins -0.00 secs,true
America/Hermosillo,MST,0 years 0 mons 0 days -7 hours 0 mins -0.00 secs,false
America/Indiana/Indianapolis,EDT,0 years 0 mons 0 days -4 hours 0 mins -0.00 secs,true
America/Indiana/Knox,CDT,0 years 0 mons 0 days -5 hours 0 mins -0.00 secs,true
America/Indiana/Marengo,EDT,0 years 0 mons 0 days -4 hours 0 mins -0.00 secs,true
America/Indiana/Petersburg,EDT,0 years 0 mons 0 days -4 hours 0 mins -0.00 secs,true
America/Indiana/Tell_City,CDT,0 years 0 mons 0 days -5 hours 0 mins -0.00 secs,true
America/Indiana/Vevay,EDT,0 years 0 mons 0 days -4 hours 0 mins -0.00 secs,true
America/Indiana/Vincennes,EDT,0 years 0 mons 0 days -4 hours 0 mins -0.00 secs,true
America/Indiana/Winamac,EDT,0 years 0 mons 0 days -4 hours 0 mins -0.00 secs,true
America/Indianapolis,EDT,0 years 0 mons 0 days -4 hours 0 mins -0.00 secs,true
America/Inuvik,MDT,0 years 0 mons 0 days -6 hours 0 mins -0.00 secs,true
America/Iqaluit,EDT,0 years 0 mons 0 days -4 hours 0 mins -0.00 secs,true
America/Jamaica,EST,0 years 0 mons 0 days -5 hours 0 mins -0.00 secs,false
America/Jujuy,-03,0 years 0 mons 0 days -3 hours 0 mins -0.00 secs,false
America/Juneau,AKDT,0 years 0 mons 0 days -8 hours 0 mins -0.00 secs,true
America/Kentucky/Louisville,EDT,0 years 0 mons 0 days -4 hours 0 mins -0.00 secs,true
America/Kentucky/Monticello,EDT,0 years 0 mons 0 days -4 hours 0 mins -0.00 secs,true
America/Knox_IN,CDT,0 years 0 mons 0 days -5 hours 0 mins -0.00 secs,true
America/Kralendijk,AST,0 years 0 mons 0 days -4 hours 0 mins -0.00 secs,false
America/La_Paz,-04,0 years 0 mons 0 days -4 hours 0 mins -0.00 secs,false
America/Lima,-05,0 years 0 mons 0 days -5 hours 0 mins -0.00 secs,false
America/Los_Angeles,PDT,0 years 0 mons 0 days -7 hours 0 mins -0.00 secs,true
America/Louisville,EDT,0 years 0 mons 0 days -4 hours 0 mins -0.00 secs,true
America/Lower_Princes,AST,0 years 0 mons 0 days -4 hours 0 mins -0.00 secs,false
America/Maceio,-03,0 years 0 mons 0 days -3 hours 0 mins -0.00 secs,false
America/Managua,CST,0 years 0 mons 0 days -6 hours 0 mins -0.00 secs,false
America/Manaus,-04,0 years 0 mons 0 days -4 hours 0 mins -0.00 secs,false
America/Marigot,AST,0 years 0 mons 0 days -4 hours 0 mins -0.00 secs,false
America/Martinique,AST,0 years 0 mons 0 days -4 hours 0 mins -0.00 secs,false
America/Matamoros,CDT,0 years 0 mons 0 days -5 hours 0 mins -0.00 secs,true
America/Mazatlan,MDT,0 years 0 mons 0 days -6 hours 0 mins -0.00 secs,true
America/Mendoza,-03,0 years 0 mons 0 days -3 hours 0 mins -0.00 secs,false
America/Menominee,CDT,0 years 0 mons 0 days -5 hours 0 mins -0.00 secs,true
America/Merida,CDT,0 years 0 mons 0 days -5 hours 0 mins -0.00 secs,true
America/Metlakatla,AKDT,0 years 0 mons 0 days -8 hours 0 mins -0.00 secs,true
America/Mexico_City,CDT,0 years 0 mons 0 days -5 hours 0 mins -0.00 secs,true
America/Miquelon,-02,0 years 0 mons 0 days -2 hours 0 mins -0.00 secs,true
America/Moncton,ADT,0 years 0 mons 0 days -3 hours 0 mins -0.00 secs,true
America/Monterrey,CDT,0 years 0 mons 0 days -5 hours 0 mins -0.00 secs,true
America/Montevideo,-03,0 years 0 mons 0 days -3 hours 0 mins -0.00 secs,false
America/Montreal,EDT,0 years 0 mons 0 days -4 hours 0 mins -0.00 secs,true
America/Montserrat,AST,0 years 0 mons 0 days -4 hours 0 mins -0.00 secs,false
America/Nassau,EDT,0 years 0 mons 0 days -4 hours 0 mins -0.00 secs,true
America/New_York,EDT,0 years 0 mons 0 days -4 hours 0 mins -0.00 secs,true
America/Nipigon,EDT,0 years 0 mons 0 days -4 hours 0 mins -0.00 secs,true
America/Nome,AKDT,0 years 0 mons 0 days -8 hours 0 mins -0.00 secs,true
America/Noronha,-02,0 years 0 mons 0 days -2 hours 0 mins -0.00 secs,false
America/North_Dakota/Beulah,CDT,0 years 0 mons 0 days -5 hours 0 mins -0.00 secs,true
America/North_Dakota/Center,CDT,0 years 0 mons 0 days -5 hours 0 mins -0.00 secs,true
America/North_Dakota/New_Salem,CDT,0 years 0 mons 0 days -5 hours 0 mins -0.00 secs,true
America/Ojinaga,MDT,0 years 0 mons 0 days -6 hours 0 mins -0.00 secs,true
America/Panama,EST,0 years 0 mons 0 days -5 hours 0 mins -0.00 secs,false
America/Pangnirtung,EDT,0 years 0 mons 0 days -4 hours 0 mins -0.00 secs,true
America/Paramaribo,-03,0 years 0 mons 0 days -3 hours 0 mins -0.00 secs,false
America/Phoenix,MST,0 years 0 mons 0 days -7 hours 0 mins -0.00 secs,false
America/Port-au-Prince,EDT,0 years 0 mons 0 days -4 hours 0 mins -0.00 secs,true
America/Porto_Acre,-05,0 years 0 mons 0 days -5 hours 0 mins -0.00 secs,false
America/Porto_Velho,-04,0 years 0 mons 0 days -4 hours 0 mins -0.00 secs,false
America/Port_of_Spain,AST,0 years 0 mons 0 days -4 hours 0 mins -0.00 secs,false
America/Puerto_Rico,AST,0 years 0 mons 0 days -4 hours 0 mins -0.00 secs,false
America/Punta_Arenas,-03,0 years 0 mons 0 days -3 hours 0 mins -0.00 secs,false
America/Rainy_River,CDT,0 years 0 mons 0 days -5 hours 0 mins -0.00 secs,true
America/Rankin_Inlet,CDT,0 years 0 mons 0 days -5 hours 0 mins -0.00 secs,true
America/Recife,-03,0 years 0 mons 0 days -3 hours 0 mins -0.00 secs,false
America/Regina,CST,0 years 0 mons 0 days -6 hours 0 mins -0.00 secs,false
America/Resolute,CDT,0 years 0 mons 0 days -5 hours 0 mins -0.00 secs,true
America/Rio_Branco,-05,0 years 0 mons 0 days -5 hours 0 mins -0.00 secs,false
America/Rosario,-03,0 years 0 mons 0 days -3 hours 0 mins -0.00 secs,false
America/Santarem,-03,0 years 0 mons 0 days -3 hours 0 mins -0.00 secs,false
America/Santa_Isabel,PDT,0 years 0 mons 0 days -7 hours 0 mins -0.00 secs,true
America/Santiago,-04,0 years 0 mons 0 days -4 hours 0 mins -0.00 secs,false
America/Santo_Domingo,AST,0 years 0 mons 0 days -4 hours 0 mins -0.00 secs,false
America/Sao_Paulo,-03,0 years 0 mons 0 days -3 hours 0 mins -0.00 secs,false
America/Scoresbysund,+00,0 years 0 mons 0 days 0 hours 0 mins 0.00 secs,true
America/Shiprock,MDT,0 years 0 mons 0 days -6 hours 0 mins -0.00 secs,true
America/Sitka,AKDT,0 years 0 mons 0 days -8 hours 0 mins -0.00 secs,true
America/St_Barthelemy,AST,0 years 0 mons 0 days -4 hours 0 mins -0.00 secs,false
America/St_Johns,NDT,0 years 0 mons 0 days -2 hours -30 mins -0.00 secs,true
America/St_Kitts,AST,0 years 0 mons 0 days -4 hours 0 mins -0.00 secs,false
America/St_Lucia,AST,0 years 0 mons 0 days -4 hours 0 mins -0.00 secs,false
America/St_Thomas,AST,0 years 0 mons 0 days -4 hours 0 mins -0.00 secs,false
America/St_Vincent,AST,0 years 0 mons 0 days -4 hours 0 mins -0.00 secs,false
America/Swift_Current,CST,0 years 0 mons 0 days -6 hours 0 mins -0.00 secs,false
America/Tegucigalpa,CST,0 years 0 mons 0 days -6 hours 0 mins -0.00 secs,false
America/Thule,ADT,0 years 0 mons 0 days -3 hours 0 mins -0.00 secs,true
America/Thunder_Bay,EDT,0 years 0 mons 0 days -4 hours 0 mins -0.00 secs,true
America/Tijuana,PDT,0 years 0 mons 0 days -7 hours 0 mins -0.00 secs,true
America/Toronto,EDT,0 years 0 mons 0 days -4 hours 0 mins -0.00 secs,true
America/Tortola,AST,0 years 0 mons 0 days -4 hours 0 mins -0.00 secs,false
America/Vancouver,PDT,0 years 0 mons 0 days -7 hours 0 mins -0.00 secs,true
America/Virgin,AST,0 years 0 mons 0 days -4 hours 0 mins -0.00 secs,false
America/Whitehorse,PDT,0 years 0 mons 0 days -7 hours 0 mins -0.00 secs,true
America/Winnipeg,CDT,0 years 0 mons 0 days -5 hours 0 mins -0.00 secs,true
America/Yakutat,AKDT,0 years 0 mons 0 days -8 hours 0 mins -0.00 secs,true
America/Yellowknife,MDT,0 years 0 mons 0 days -6 hours 0 mins -0.00 secs,true
Antarctica/Casey,+08,0 years 0 mons 0 days 8 hours 0 mins 0.00 secs,false
Antarctica/Davis,+07,0 years 0 mons 0 days 7 hours 0 mins 0.00 secs,false
Antarctica/DumontDUrville,+10,0 years 0 mons 0 days 10 hours 0 mins 0.00 secs,false
Antarctica/Macquarie,+11,0 years 0 mons 0 days 11 hours 0 mins 0.00 secs,false
Antarctica/Mawson,+05,0 years 0 mons 0 days 5 hours 0 mins 0.00 secs,false
Antarctica/McMurdo,NZST,0 years 0 mons 0 days 12 hours 0 mins 0.00 secs,false
Antarctica/Palmer,-03,0 years 0 mons 0 days -3 hours 0 mins -0.00 secs,false
Antarctica/Rothera,-03,0 years 0 mons 0 days -3 hours 0 mins -0.00 secs,false
Antarctica/South_Pole,NZST,0 years 0 mons 0 days 12 hours 0 mins 0.00 secs,false
Antarctica/Syowa,+03,0 years 0 mons 0 days 3 hours 0 mins 0.00 secs,false
Antarctica/Troll,+02,0 years 0 mons 0 days 2 hours 0 mins 0.00 secs,true
Antarctica/Vostok,+06,0 years 0 mons 0 days 6 hours 0 mins 0.00 secs,false
Arctic/Longyearbyen,CEST,0 years 0 mons 0 days 2 hours 0 mins 0.00 secs,true
Asia/Aden,+03,0 years 0 mons 0 days 3 hours 0 mins 0.00 secs,false
Asia/Almaty,+06,0 years 0 mons 0 days 6 hours 0 mins 0.00 secs,false
Asia/Amman,EEST,0 years 0 mons 0 days 3 hours 0 mins 0.00 secs,true
Asia/Anadyr,+12,0 years 0 mons 0 days 12 hours 0 mins 0.00 secs,false
Asia/Aqtau,+05,0 years 0 mons 0 days 5 hours 0 mins 0.00 secs,false
Asia/Aqtobe,+05,0 years 0 mons 0 days 5 hours 0 mins 0.00 secs,false
Asia/Ashgabat,+05,0 years 0 mons 0 days 5 hours 0 mins 0.00 secs,false
Asia/Ashkhabad,+05,0 years 0 mons 0 days 5 hours 0 mins 0.00 secs,false
Asia/Atyrau,+05,0 years 0 mons 0 days 5 hours 0 mins 0.00 secs,false
Asia/Baghdad,+03,0 years 0 mons 0 days 3 hours 0 mins 0.00 secs,false
Asia/Bahrain,+03,0 years 0 mons 0 days 3 hours 0 mins 0.00 secs,false
Asia/Baku,+04,0 years 0 mons 0 days 4 hours 0 mins 0.00 secs,false
Asia/Bangkok,+07,0 years 0 mons 0 days 7 hours 0 mins 0.00 secs,false
Asia/Barnaul,+07,0 years 0 mons 0 days 7 hours 0 mins 0.00 secs,false
Asia/Beirut,EEST,0 years 0 mons 0 days 3 hours 0 mins 0.00 secs,true
Asia/Bishkek,+06,0 years 0 mons 0 days 6 hours 0 mins 0.00 secs,false
Asia/Brunei,+08,0 years 0 mons 0 days 8 hours 0 mins 0.00 secs,false
Asia/Calcutta,IST,0 years 0 mons 0 days 5 hours 30 mins 0.00 secs,false
Asia/Chita,+09,0 years 0 mons 0 days 9 hours 0 mins 0.00 secs,false
Asia/Choibalsan,+08,0 years 0 mons 0 days 8 hours 0 mins 0.00 secs,false
Asia/Chongqing,CST,0 years 0 mons 0 days 8 hours 0 mins 0.00 secs,false
Asia/Chungking,CST,0 years 0 mons 0 days 8 hours 0 mins 0.00 secs,false
Asia/Colombo,+0530,0 years 0 mons 0 days 5 hours 30 mins 0.00 secs,false
Asia/Dacca,+06,0 years 0 mons 0 days 6 hours 0 mins 0.00 secs,false
Asia/Damascus,EEST,0 years 0 mons 0 days 3 hours 0 mins 0.00 secs,true
Asia/Dhaka,+06,0 years 0 mons 0 days 6 hours 0 mins 0.00 secs,false
Asia/Dili,+09,0 years 0 mons 0 days 9 hours 0 mins 0.00 secs,false
Asia/Dubai,+04,0 years 0 mons 0 days 4 hours 0 mins 0.00 secs,false
Asia/Dushanbe,+05,0 years 0 mons 0 days 5 hours 0 mins 0.00 secs,false
Asia/Famagusta,EEST,0 years 0 mons 0 days 3 hours 0 mins 0.00 secs,true
Asia/Gaza,EEST,0 years 0 mons 0 days 3 hours 0 mins 0.00 secs,true
Asia/Harbin,CST,0 years 0 mons 0 days 8 hours 0 mins 0.00 secs,false
Asia/Hebron,EEST,0 years 0 mons 0 days 3 hours 0 mins 0.00 secs,true
Asia/Hong_Kong,HKT,0 years 0 mons 0 days 8 hours 0 mins 0.00 secs,false
Asia/Hovd,+07,0 years 0 mons 0 days 7 hours 0 mins 0.00 secs,false
Asia/Ho_Chi_Minh,+07,0 years 0 mons 0 days 7 hours 0 mins 0.00 secs,false
Asia/Irkutsk,+08,0 years 0 mons 0 days 8 hours 0 mins 0.00 secs,false
Asia/Istanbul,+03,0 years 0 mons 0 days 3 hours 0 mins 0.00 secs,false
Asia/Jakarta,WIB,0 years 0 mons 0 days 7 hours 0 mins 0.00 secs,false
Asia/Jayapura,WIT,0 years 0 mons 0 days 9 hours 0 mins 0.00 secs,false
Asia/Jerusalem,IDT,0 years 0 mons 0 days 3 hours 0 mins 0.00 secs,true
Asia/Kabul,+0430,0 years 0 mons 0 days 4 hours 30 mins 0.00 secs,false
Asia/Kamchatka,+12,0 years 0 mons 0 days 12 hours 0 mins 0.00 secs,false
Asia/Karachi,PKT,0 years 0 mons 0 days 5 hours 0 mins 0.00 secs,false
Asia/Kashgar,+06,0 years 0 mons 0 days 6 hours 0 mins 0.00 secs,false
Asia/Kathmandu,+0545,0 years 0 mons 0 days 5 hours 45 mins 0.00 secs,false
Asia/Katmandu,+0545,0 years 0 mons 0 days 5 hours 45 mins 0.00 secs,false
Asia/Khandyga,+09,0 years 0 mons 0 days 9 hours 0 mins 0.00 secs,false
Asia/Kolkata,IST,0 years 0 mons 0 days 5 hours 30 mins 0.00 secs,false
Asia/Krasnoyarsk,+07,0 years 0 mons 0 days 7 hours 0 mins 0.00 secs,false
Asia/Kuala_Lumpur,+08,0 years 0 mons 0 days 8 hours 0 mins 0.00 secs,false
Asia/Kuching,+08,0 years 0 mons 0 days 8 hours 0 mins 0.00 secs,false
Asia/Kuwait,+03,0 years 0 mons 0 days 3 hours 0 mins 0.00 secs,false
Asia/Macao,CST,0 years 0 mons 0 days 8 hours 0 mins 0.00 secs,false
Asia/Macau,CST,0 years 0 mons 0 days 8 hours 0 mins 0.00 secs,false
Asia/Magadan,+11,0 years 0 mons 0 days 11 hours 0 mins 0.00 secs,false
Asia/Makassar,WITA,0 years 0 mons 0 days 8 hours 0 mins 0.00 secs,false
Asia/Manila,PST,0 years 0 mons 0 days 8 hours 0 mins 0.00 secs,false
Asia/Muscat,+04,0 years 0 mons 0 days 4 hours 0 mins 0.00 secs,false
Asia/Nicosia,EEST,0 years 0 mons 0 days 3 hours 0 mins 0.00 secs,true
Asia/Novokuznetsk,+07,0 years 0 mons 0 days 7 hours 0 mins 0.00 secs,false
Asia/Novosibirsk,+07,0 years 0 mons 0 days 7 hours 0 mins 0.00 secs,false
Asia/Omsk,+06,0 years 0 mons 0 days 6 hours 0 mins 0.00 secs,false
Asia/Oral,+05,0 years 0 mons 0 days 5 hours 0 mins 0.00 secs,false
Asia/Phnom_Penh,+07,0 years 0 mons 0 days 7 hours 0 mins 0.00 secs,false
Asia/Pontianak,WIB,0 years 0 mons 0 days 7 hours 0 mins 0.00 secs,false
Asia/Pyongyang,KST,0 years 0 mons 0 days 9 hours 0 mins 0.00 secs,false
Asia/Qatar,+03,0 years 0 mons 0 days 3 hours 0 mins 0.00 secs,false
Asia/Qostanay,+06,0 years 0 mons 0 days 6 hours 0 mins 0.00 secs,false
Asia/Qyzylorda,+05,0 years 0 mons 0 days 5 hours 0 mins 0.00 secs,false
Asia/Rangoon,+0630,0 years 0 mons 0 days 6 hours 30 mins 0.00 secs,false
Asia/Riyadh,+03,0 years 0 mons 0 days 3 hours 0 mins 0.00 secs,false
Asia/Saigon,+07,0 years 0 mons 0 days 7 hours 0 mins 0.00 secs,false
Asia/Sakhalin,+11,0 years 0 mons 0 days 11 hours 0 mins 0.00 secs,false
Asia/Samarkand,+05,0 years 0 mons 0 days 5 hours 0 mins 0.00 secs,false
Asia/Seoul,KST,0 years 0 mons 0 days 9 hours 0 mins 0.00 secs,false
Asia/Shanghai,CST,0 years 0 mons 0 days 8 hours 0 mins 0.00 secs,false
Asia/Singapore,+08,0 years 0 mons 0 days 8 hours 0 mins 0.00 secs,false
Asia/Srednekolymsk,+11,0 years 0 mons 0 days 11 hours 0 mins 0.00 secs,false
Asia/Taipei,CST,0 years 0 mons 0 days 8 hours 0 mins 0.00 secs,false
Asia/Tashkent,+05,0 years 0 mons 0 days 5 hours 0 mins 0.00 secs,false
Asia/Tbilisi,+04,0 years 0 mons 0 days 4 hours 0 mins 0.00 secs,false
Asia/Tehran,+0430,0 years 0 mons 0 days 4 hours 30 mins 0.00 secs,true
Asia/Tel_Aviv,IDT,0 years 0 mons 0 days 3 hours 0 mins 0.00 secs,true
Asia/Thimbu,+06,0 years 0 mons 0 days 6 hours 0 mins 0.00 secs,false
Asia/Thimphu,+06,0 years 0 mons 0 days 6 hours 0 mins 0.00 secs,false
Asia/Tokyo,JST,0 years 0 mons 0 days 9 hours 0 mins 0.00 secs,false
Asia/Tomsk,+07,0 years 0 mons 0 days 7 hours 0 mins 0.00 secs,false
Asia/Ujung_Pandang,WITA,0 years 0 mons 0 days 8 hours 0 mins 0.00 secs,false
Asia/Ulaanbaatar,+08,0 years 0 mons 0 days 8 hours 0 mins 0.00 secs,false
Asia/Ulan_Bator,+08,0 years 0 mons 0 days 8 hours 0 mins 0.00 secs,false
Asia/Urumqi,+06,0 years 0 mons 0 days 6 hours 0 mins 0.00 secs,false
Asia/Ust-Nera,+10,0 years 0 mons 0 days 10 hours 0 mins 0.00 secs,false
Asia/Vientiane,+07,0 years 0 mons 0 days 7 hours 0 mins 0.00 secs,false
Asia/Vladivostok,+10,0 years 0 mons 0 days 10 hours 0 mins 0.00 secs,false
Asia/Yakutsk,+09,0 years 0 mons 0 days 9 hours 0 mins 0.00 secs,false
Asia/Yangon,+0630,0 years 0 mons 0 days 6 hours 30 mins 0.00 secs,false
Asia/Yekaterinburg,+05,0 years 0 mons 0 days 5 hours 0 mins 0.00 secs,false
Asia/Yerevan,+04,0 years 0 mons 0 days 4 hours 0 mins 0.00 secs,false
Atlantic/Azores,+00,0 years 0 mons 0 days 0 hours 0 mins 0.00 secs,true
Atlantic/Bermuda,ADT,0 years 0 mons 0 days -3 hours 0 mins -0.00 secs,true
Atlantic/Canary,WEST,0 years 0 mons 0 days 1 hours 0 mins 0.00 secs,true
Atlantic/Cape_Verde,-01,0 years 0 mons 0 days -1 hours 0 mins -0.00 secs,false
Atlantic/Faeroe,WEST,0 years 0 mons 0 days 1 hours 0 mins 0.00 secs,true
Atlantic/Faroe,WEST,0 years 0 mons 0 days 1 hours 0 mins 0.00 secs,true
Atlantic/Jan_Mayen,CEST,0 years 0 mons 0 days 2 hours 0 mins 0.00 secs,true
Atlantic/Madeira,WEST,0 years 0 mons 0 days 1 hours 0 mins 0.00 secs,true
Atlantic/Reykjavik,GMT,0 years 0 mons 0 days 0 hours 0 mins 0.00 secs,false
Atlantic/South_Georgia,-02,0 years 0 mons 0 days -2 hours 0 mins -0.00 secs,false
Atlantic/Stanley,-03,0 years 0 mons 0 days -3 hours 0 mins -0.00 secs,false
Atlantic/St_Helena,GMT,0 years 0 mons 0 days 0 hours 0 mins 0.00 secs,false
Australia/ACT,AEST,0 years 0 mons 0 days 10 hours 0 mins 0.00 secs,false
Australia/Adelaide,ACST,0 years 0 mons 0 days 9 hours 30 mins 0.00 secs,false
Australia/Brisbane,AEST,0 years 0 mons 0 days 10 hours 0 mins 0.00 secs,false
Australia/Broken_Hill,ACST,0 years 0 mons 0 days 9 hours 30 mins 0.00 secs,false
Australia/Canberra,AEST,0 years 0 mons 0 days 10 hours 0 mins 0.00 secs,false
Australia/Currie,AEST,0 years 0 mons 0 days 10 hours 0 mins 0.00 secs,false
Australia/Darwin,ACST,0 years 0 mons 0 days 9 hours 30 mins 0.00 secs,false
Australia/Eucla,+0845,0 years 0 mons 0 days 8 hours 45 mins 0.00 secs,false
Australia/Hobart,AEST,0 years 0 mons 0 days 10 hours 0 mins 0.00 secs,false
Australia/LHI,+1030,0 years 0 mons 0 days 10 hours 30 mins 0.00 secs,false
Australia/Lindeman,AEST,0 years 0 mons 0 days 10 hours 0 mins 0.00 secs,false
Australia/Lord_Howe,+1030,0 years 0 mons 0 days 10 hours 30 mins 0.00 secs,false
Australia/Melbourne,AEST,0 years 0 mons 0 days 10 hours 0 mins 0.00 secs,false
Australia/North,ACST,0 years 0 mons 0 days 9 hours 30 mins 0.00 secs,false
Australia/NSW,AEST,0 years 0 mons 0 days 10 hours 0 mins 0.00 secs,false
Australia/Perth,AWST,0 years 0 mons 0 days 8 hours 0 mins 0.00 secs,false
Australia/Queensland,AEST,0 years 0 mons 0 days 10 hours 0 mins 0.00 secs,false
Australia/South,ACST,0 years 0 mons 0 days 9 hours 30 mins 0.00 secs,false
Australia/Sydney,AEST,0 years 0 mons 0 days 10 hours 0 mins 0.00 secs,false
Australia/Tasmania,AEST,0 years 0 mons 0 days 10 hours 0 mins 0.00 secs,false
Australia/Victoria,AEST,0 years 0 mons 0 days 10 hours 0 mins 0.00 secs,false
Australia/West,AWST,0 years 0 mons 0 days 8 hours 0 mins 0.00 secs,false
Australia/Yancowinna,ACST,0 years 0 mons 0 days 9 hours 30 mins 0.00 secs,false
Brazil/Acre,-05,0 years 0 mons 0 days -5 hours 0 mins -0.00 secs,false
Brazil/DeNoronha,-02,0 years 0 mons 0 days -2 hours 0 mins -0.00 secs,false
Brazil/East,-03,0 years 0 mons 0 days -3 hours 0 mins -0.00 secs,false
Brazil/West,-04,0 years 0 mons 0 days -4 hours 0 mins -0.00 secs,false
Canada/Atlantic,ADT,0 years 0 mons 0 days -3 hours 0 mins -0.00 secs,true
Canada/Central,CDT,0 years 0 mons 0 days -5 hours 0 mins -0.00 secs,true
Canada/Eastern,EDT,0 years 0 mons 0 days -4 hours 0 mins -0.00 secs,true
Canada/Mountain,MDT,0 years 0 mons 0 days -6 hours 0 mins -0.00 secs,true
Canada/Newfoundland,NDT,0 years 0 mons 0 days -2 hours -30 mins -0.00 secs,true
Canada/Pacific,PDT,0 years 0 mons 0 days -7 hours 0 mins -0.00 secs,true
Canada/Saskatchewan,CST,0 years 0 mons 0 days -6 hours 0 mins -0.00 secs,false
Canada/Yukon,PDT,0 years 0 mons 0 days -7 hours 0 mins -0.00 secs,true
CET,CEST,0 years 0 mons 0 days 2 hours 0 mins 0.00 secs,true
Chile/Continental,-04,0 years 0 mons 0 days -4 hours 0 mins -0.00 secs,false
Chile/EasterIsland,-06,0 years 0 mons 0 days -6 hours 0 mins -0.00 secs,false
CST6CDT,CDT,0 years 0 mons 0 days -5 hours 0 mins -0.00 secs,true
Cuba,CDT,0 years 0 mons 0 days -4 hours 0 mins -0.00 secs,true
EET,EEST,0 years 0 mons 0 days 3 hours 0 mins 0.00 secs,true
Egypt,EET,0 years 0 mons 0 days 2 hours 0 mins 0.00 secs,false
Eire,IST,0 years 0 mons 0 days 1 hours 0 mins 0.00 secs,false
EST,EST,0 years 0 mons 0 days -5 hours 0 mins -0.00 secs,false
EST5EDT,EDT,0 years 0 mons 0 days -4 hours 0 mins -0.00 secs,true
Etc/GMT,GMT,0 years 0 mons 0 days 0 hours 0 mins 0.00 secs,false
Etc/GMT+0,GMT,0 years 0 mons 0 days 0 hours 0 mins 0.00 secs,false
Etc/GMT+1,-01,0 years 0 mons 0 days -1 hours 0 mins -0.00 secs,false
Etc/GMT+10,-10,0 years 0 mons 0 days -10 hours 0 mins -0.00 secs,false
Etc/GMT+11,-11,0 years 0 mons 0 days -11 hours 0 mins -0.00 secs,false
Etc/GMT+12,-12,0 years 0 mons 0 days -12 hours 0 mins -0.00 secs,false
Etc/GMT+2,-02,0 years 0 mons 0 days -2 hours 0 mins -0.00 secs,false
Etc/GMT+3,-03,0 years 0 mons 0 days -3 hours 0 mins -0.00 secs,false
Etc/GMT+4,-04,0 years 0 mons 0 days -4 hours 0 mins -0.00 secs,false
Etc/GMT+5,-05,0 years 0 mons 0 days -5 hours 0 mins -0.00 secs,false
Etc/GMT+6,-06,0 years 0 mons 0 days -6 hours 0 mins -0.00 secs,false
Etc/GMT+7,-07,0 years 0 mons 0 days -7 hours 0 mins -0.00 secs,false
Etc/GMT+8,-08,0 years 0 mons 0 days -8 hours 0 mins -0.00 secs,false
Etc/GMT+9,-09,0 years 0 mons 0 days -9 hours 0 mins -0.00 secs,false
Etc/GMT-0,GMT,0 years 0 mons 0 days 0 hours 0 mins 0.00 secs,false
Etc/GMT-1,+01,0 years 0 mons 0 days 1 hours 0 mins 0.00 secs,false
Etc/GMT-10,+10,0 years 0 mons 0 days 10 hours 0 mins 0.00 secs,false
Etc/GMT-11,+11,0 years 0 mons 0 days 11 hours 0 mins 0.00 secs,false
Etc/GMT-12,+12,0 years 0 mons 0 days 12 hours 0 mins 0.00 secs,false
Etc/GMT-13,+13,0 years 0 mons 0 days 13 hours 0 mins 0.00 secs,false
Etc/GMT-14,+14,0 years 0 mons 0 days 14 hours 0 mins 0.00 secs,false
Etc/GMT-2,+02,0 years 0 mons 0 days 2 hours 0 mins 0.00 secs,false
Etc/GMT-3,+03,0 years 0 mons 0 days 3 hours 0 mins 0.00 secs,false
Etc/GMT-4,+04,0 years 0 mons 0 days 4 hours 0 mins 0.00 secs,false
Etc/GMT-5,+05,0 years 0 mons 0 days 5 hours 0 mins 0.00 secs,false
Etc/GMT-6,+06,0 years 0 mons 0 days 6 hours 0 mins 0.00 secs,false
Etc/GMT-7,+07,0 years 0 mons 0 days 7 hours 0 mins 0.00 secs,false
Etc/GMT-8,+08,0 years 0 mons 0 days 8 hours 0 mins 0.00 secs,false
Etc/GMT-9,+09,0 years 0 mons 0 days 9 hours 0 mins 0.00 secs,false
Etc/GMT0,GMT,0 years 0 mons 0 days 0 hours 0 mins 0.00 secs,false
Etc/Greenwich,GMT,0 years 0 mons 0 days 0 hours 0 mins 0.00 secs,false
Etc/UCT,UTC,0 years 0 mons 0 days 0 hours 0 mins 0.00 secs,false
Etc/Universal,UTC,0 years 0 mons 0 days 0 hours 0 mins 0.00 secs,false
Etc/UTC,UTC,0 years 0 mons 0 days 0 hours 0 mins 0.00 secs,false
Etc/Zulu,UTC,0 years 0 mons 0 days 0 hours 0 mins 0.00 secs,false
Europe/Amsterdam,CEST,0 years 0 mons 0 days 2 hours 0 mins 0.00 secs,true
Europe/Andorra,CEST,0 years 0 mons 0 days 2 hours 0 mins 0.00 secs,true
Europe/Astrakhan,+04,0 years 0 mons 0 days 4 hours 0 mins 0.00 secs,false
Europe/Athens,EEST,0 years 0 mons 0 days 3 hours 0 mins 0.00 secs,true
Europe/Belfast,BST,0 years 0 mons 0 days 1 hours 0 mins 0.00 secs,true
Europe/Belgrade,CEST,0 years 0 mons 0 days 2 hours 0 mins 0.00 secs,true
Europe/Berlin,CEST,0 years 0 mons 0 days 2 hours 0 mins 0.00 secs,true
Europe/Bratislava,CEST,0 years 0 mons 0 days 2 hours 0 mins 0.00 secs,true
Europe/Brussels,CEST,0 years 0 mons 0 days 2 hours 0 mins 0.00 secs,true
Europe/Bucharest,EEST,0 years 0 mons 0 days 3 hours 0 mins 0.00 secs,true
Europe/Budapest,CEST,0 years 0 mons 0 days 2 hours 0 mins 0.00 secs,true
Europe/Busingen,CEST,0 years 0 mons 0 days 2 hours 0 mins 0.00 secs,true
Europe/Chisinau,EEST,0 years 0 mons 0 days 3 hours 0 mins 0.00 secs,true
Europe/Copenhagen,CEST,0 years 0 mons 0 days 2 hours 0 mins 0.00 secs,true
Europe/Dublin,IST,0 years 0 mons 0 days 1 hours 0 mins 0.00 secs,false
Europe/Gibraltar,CEST,0 years 0 mons 0 days 2 hours 0 mins 0.00 secs,true
Europe/Guernsey,BST,0 years 0 mons 0 days 1 hours 0 mins 0.00 secs,true
Europe/Helsinki,EEST,0 years 0 mons 0 days 3 hours 0 mins 0.00 secs,true
Europe/Isle_of_Man,BST,0 years 0 mons 0 days 1 hours 0 mins 0.00 secs,true
Europe/Istanbul,+03,0 years 0 mons 0 days 3 hours 0 mins 0.00 secs,false
Europe/Jersey,BST,0 years 0 mons 0 days 1 hours 0 mins 0.00 secs,true
Europe/Kaliningrad,EET,0 years 0 mons 0 days 2 hours 0 mins 0.00 secs,false
Europe/Kiev,EEST,0 years 0 mons 0 days 3 hours 0 mins 0.00 secs,true
Europe/Kirov,+03,0 years 0 mons 0 days 3 hours 0 mins 0.00 secs,false
Europe/Lisbon,WEST,0 years 0 mons 0 days 1 hours 0 mins 0.00 secs,true
Europe/Ljubljana,CEST,0 years 0 mons 0 days 2 hours 0 mins 0.00 secs,true
Europe/London,BST,0 years 0 mons 0 days 1 hours 0 mins 0.00 secs,true
Europe/Luxembourg,CEST,0 years 0 mons 0 days 2 hours 0 mins 0.00 secs,true
Europe/Madrid,CEST,0 years 0 mons 0 days 2 hours 0 mins 0.00 secs,true
Europe/Malta,CEST,0 years 0 mons 0 days 2 hours 0 mins 0.00 secs,true
Europe/Mariehamn,EEST,0 years 0 mons 0 days 3 hours 0 mins 0.00 secs,true
Europe/Minsk,+03,0 years 0 mons 0 days 3 hours 0 mins 0.00 secs,false
Europe/Monaco,CEST,0 years 0 mons 0 days 2 hours 0 mins 0.00 secs,true
Europe/Moscow,MSK,0 years 0 mons 0 days 3 hours 0 mins 0.00 secs,false
Europe/Nicosia,EEST,0 years 0 mons 0 days 3 hours 0 mins 0.00 secs,true
Europe/Oslo,CEST,0 years 0 mons 0 days 2 hours 0 mins 0.00 secs,true
Europe/Paris,CEST,0 years 0 mons 0 days 2 hours 0 mins 0.00 secs,true
Europe/Podgorica,CEST,0 years 0 mons 0 days 2 hours 0 mins 0.00 secs,true
Europe/Prague,CEST,0 years 0 mons 0 days 2 hours 0 mins 0.00 secs,true
Europe/Riga,EEST,0 years 0 mons 0 days 3 hours 0 mins 0.00 secs,true
Europe/Rome,CEST,0 years 0 mons 0 days 2 hours 0 mins 0.00 secs,true
Europe/Samara,+04,0 years 0 mons 0 days 4 hours 0 mins 0.00 secs,false
Europe/San_Marino,CEST,0 years 0 mons 0 days 2 hours 0 mins 0.00 secs,true
Europe/Sarajevo,CEST,0 years 0 mons 0 days 2 hours 0 mins 0.00 secs,true
Europe/Saratov,+04,0 years 0 mons 0 days 4 hours 0 mins 0.00 secs,false
Europe/Simferopol,MSK,0 years 0 mons 0 days 3 hours 0 mins 0.00 secs,false
Europe/Skopje,CEST,0 years 0 mons 0 days 2 hours 0 mins 0.00 secs,true
Europe/Sofia,EEST,0 years 0 mons 0 days 3 hours 0 mins 0.00 secs,true
Europe/Stockholm,CEST,0 years 0 mons 0 days 2 hours 0 mins 0.00 secs,true
Europe/Tallinn,EEST,0 years 0 mons 0 days 3 hours 0 mins 0.00 secs,true
Europe/Tirane,CEST,0 years 0 mons 0 days 2 hours 0 mins 0.00 secs,true
Europe/Tiraspol,EEST,0 years 0 mons 0 days 3 hours 0 mins 0.00 secs,true
Europe/Ulyanovsk,+04,0 years 0 mons 0 days 4 hours 0 mins 0.00 secs,false
Europe/Uzhgorod,EEST,0 years 0 mons 0 days 3 hours 0 mins 0.00 secs,true
Europe/Vaduz,CEST,0 years 0 mons 0 days 2 hours 0 mins 0.00 secs,true
Europe/Vatican,CEST,0 years 0 mons 0 days 2 hours 0 mins 0.00 secs,true
Europe/Vienna,CEST,0 years 0 mons 0 days 2 hours 0 mins 0.00 secs,true
Europe/Vilnius,EEST,0 years 0 mons 0 days 3 hours 0 mins 0.00 secs,true
Europe/Volgograd,+04,0 years 0 mons 0 days 4 hours 0 mins 0.00 secs,false
Europe/Warsaw,CEST,0 years 0 mons 0 days 2 hours 0 mins 0.00 secs,true
Europe/Zagreb,CEST,0 years 0 mons 0 days 2 hours 0 mins 0.00 secs,true
Europe/Zaporozhye,EEST,0 years 0 mons 0 days 3 hours 0 mins 0.00 secs,true
Europe/Zurich,CEST,0 years 0 mons 0 days 2 hours 0 mins 0.00 secs,true
Factory,-00,0 years 0 mons 0 days 0 hours 0 mins 0.00 secs,false
GB,BST,0 years 0 mons 0 days 1 hours 0 mins 0.00 secs,true
GB-Eire,BST,0 years 0 mons 0 days 1 hours 0 mins 0.00 secs,true
GMT,GMT,0 years 0 mons 0 days 0 hours 0 mins 0.00 secs,false
GMT+0,GMT,0 years 0 mons 0 days 0 hours 0 mins 0.00 secs,false
GMT-0,GMT,0 years 0 mons 0 days 0 hours 0 mins 0.00 secs,false
GMT0,GMT,0 years 0 mons 0 days 0 hours 0 mins 0.00 secs,false
Greenwich,GMT,0 years 0 mons 0 days 0 hours 0 mins 0.00 secs,false
Hongkong,HKT,0 years 0 mons 0 days 8 hours 0 mins 0.00 secs,false
HST,HST,0 years 0 mons 0 days -10 hours 0 mins -0.00 secs,false
Iceland,GMT,0 years 0 mons 0 days 0 hours 0 mins 0.00 secs,false
Indian/Antananarivo,EAT,0 years 0 mons 0 days 3 hours 0 mins 0.00 secs,false
Indian/Chagos,+06,0 years 0 mons 0 days 6 hours 0 mins 0.00 secs,false
Indian/Christmas,+07,0 years 0 mons 0 days 7 hours 0 mins 0.00 secs,false
Indian/Cocos,+0630,0 years 0 mons 0 days 6 hours 30 mins 0.00 secs,false
Indian/Comoro,EAT,0 years 0 mons 0 days 3 hours 0 mins 0.00 secs,false
Indian/Kerguelen,+05,0 years 0 mons 0 days 5 hours 0 mins 0.00 secs,false
Indian/Mahe,+04,0 years 0 mons 0 days 4 hours 0 mins 0.00 secs,false
Indian/Maldives,+05,0 years 0 mons 0 days 5 hours 0 mins 0.00 secs,false
Indian/Mauritius,+04,0 years 0 mons 0 days 4 hours 0 mins 0.00 secs,false
Indian/Mayotte,EAT,0 years 0 mons 0 days 3 hours 0 mins 0.00 secs,false
Indian/Reunion,+04,0 years 0 mons 0 days 4 hours 0 mins 0.00 secs,false
Iran,+0430,0 years 0 mons 0 days 4 hours 30 mins 0.00 secs,true
Israel,IDT,0 years 0 mons 0 days 3 hours 0 mins 0.00 secs,true
Jamaica,EST,0 years 0 mons 0 days -5 hours 0 mins -0.00 secs,false
Japan,JST,0 years 0 mons 0 days 9 hours 0 mins 0.00 secs,false
Kwajalein,+12,0 years 0 mons 0 days 12 hours 0 mins 0.00 secs,false
Libya,EET,0 years 0 mons 0 days 2 hours 0 mins 0.00 secs,false
MET,MEST,0 years 0 mons 0 days 2 hours 0 mins 0.00 secs,true
Mexico/BajaNorte,PDT,0 years 0 mons 0 days -7 hours 0 mins -0.00 secs,true
Mexico/BajaSur,MDT,0 years 0 mons 0 days -6 hours 0 mins -0.00 secs,true
Mexico/General,CDT,0 years 0 mons 0 days -5 hours 0 mins -0.00 secs,true
MST,MST,0 years 0 mons 0 days -7 hours 0 mins -0.00 secs,false
MST7MDT,MDT,0 years 0 mons 0 days -6 hours 0 mins -0.00 secs,true
Navajo,MDT,0 years 0 mons 0 days -6 hours 0 mins -0.00 secs,true
NZ,NZST,0 years 0 mons 0 days 12 hours 0 mins 0.00 secs,false
NZ-CHAT,+1245,0 years 0 mons 0 days 12 hours 45 mins 0.00 secs,false
Pacific/Apia,+13,0 years 0 mons 0 days 13 hours 0 mins 0.00 secs,false
Pacific/Auckland,NZST,0 years 0 mons 0 days 12 hours 0 mins 0.00 secs,false
Pacific/Bougainville,+11,0 years 0 mons 0 days 11 hours 0 mins 0.00 secs,false
Pacific/Chatham,+1245,0 years 0 mons 0 days 12 hours 45 mins 0.00 secs,false
Pacific/Chuuk,+10,0 years 0 mons 0 days 10 hours 0 mins 0.00 secs,false
Pacific/Easter,-06,0 years 0 mons 0 days -6 hours 0 mins -0.00 secs,false
Pacific/Efate,+11,0 years 0 mons 0 days 11 hours 0 mins 0.00 secs,false
Pacific/Enderbury,+13,0 years 0 mons 0 days 13 hours 0 mins 0.00 secs,false
Pacific/Fakaofo,+13,0 years 0 mons 0 days 13 hours 0 mins 0.00 secs,false
Pacific/Fiji,+12,0 years 0 mons 0 days 12 hours 0 mins 0.00 secs,false
Pacific/Funafuti,+12,0 years 0 mons 0 days 12 hours 0 mins 0.00 secs,false
Pacific/Galapagos,-06,0 years 0 mons 0 days -6 hours 0 mins -0.00 secs,false
Pacific/Gambier,-09,0 years 0 mons 0 days -9 hours 0 mins -0.00 secs,false
Pacific/Guadalcanal,+11,0 years 0 mons 0 days 11 hours 0 mins 0.00 secs,false
Pacific/Guam,ChST,0 years 0 mons 0 days 10 hours 0 mins 0.00 secs,false
Pacific/Honolulu,HST,0 years 0 mons 0 days -10 hours 0 mins -0.00 secs,false
Pacific/Johnston,HST,0 years 0 mons 0 days -10 hours 0 mins -0.00 secs,false
Pacific/Kiritimati,+14,0 years 0 mons 0 days 14 hours 0 mins 0.00 secs,false
Pacific/Kosrae,+11,0 years 0 mons 0 days 11 hours 0 mins 0.00 secs,false
Pacific/Kwajalein,+12,0 years 0 mons 0 days 12 hours 0 mins 0.00 secs,false
Pacific/Majuro,+12,0 years 0 mons 0 days 12 hours 0 mins 0.00 secs,false
Pacific/Marquesas,-0930,0 years 0 mons 0 days -9 hours -30 mins -0.00 secs,false
Pacific/Midway,SST,0 years 0 mons 0 days -11 hours 0 mins -0.00 secs,false
Pacific/Nauru,+12,0 years 0 mons 0 days 12 hours 0 mins 0.00 secs,false
Pacific/Niue,-11,0 years 0 mons 0 days -11 hours 0 mins -0.00 secs,false
Pacific/Norfolk,+11,0 years 0 mons 0 days 11 hours 0 mins 0.00 secs,false
Pacific/Noumea,+11,0 years 0 mons 0 days 11 hours 0 mins 0.00 secs,false
Pacific/Pago_Pago,SST,0 years 0 mons 0 days -11 hours 0 mins -0.00 secs,false
Pacific/Palau,+09,0 years 0 mons 0 days 9 hours 0 mins 0.00 secs,false
Pacific/Pitcairn,-08,0 years 0 mons 0 days -8 hours 0 mins -0.00 secs,false
Pacific/Pohnpei,+11,0 years 0 mons 0 days 11 hours 0 mins 0.00 secs,false
Pacific/Ponape,+11,0 years 0 mons 0 days 11 hours 0 mins 0.00 secs,false
Pacific/Port_Moresby,+10,0 years 0 mons 0 days 10 hours 0 mins 0.00 secs,false
Pacific/Rarotonga,-10,0 years 0 mons 0 days -10 hours 0 mins -0.00 secs,false
Pacific/Saipan,ChST,0 years 0 mons 0 days 10 hours 0 mins 0.00 secs,false
Pacific/Samoa,SST,0 years 0 mons 0 days -11 hours 0 mins -0.00 secs,false
Pacific/Tahiti,-10,0 years 0 mons 0 days -10 hours 0 mins -0.00 secs,false
Pacific/Tarawa,+12,0 years 0 mons 0 days 12 hours 0 mins 0.00 secs,false
Pacific/Tongatapu,+13,0 years 0 mons 0 days 13 hours 0 mins 0.00 secs,false
Pacific/Truk,+10,0 years 0 mons 0 days 10 hours 0 mins 0.00 secs,false
Pacific/Wake,+12,0 years 0 mons 0 days 12 hours 0 mins 0.00 secs,false
Pacific/Wallis,+12,0 years 0 mons 0 days 12 hours 0 mins 0.00 secs,false
Pacific/Yap,+10,0 years 0 mons 0 days 10 hours 0 mins 0.00 secs,false
Poland,CEST,0 years 0 mons 0 days 2 hours 0 mins 0.00 secs,true
Portugal,WEST,0 years 0 mons 0 days 1 hours 0 mins 0.00 secs,true
posixrules,EDT,0 years 0 mons 0 days -4 hours 0 mins -0.00 secs,true
PRC,CST,0 years 0 mons 0 days 8 hours 0 mins 0.00 secs,false
PST8PDT,PDT,0 years 0 mons 0 days -7 hours 0 mins -0.00 secs,true
ROC,CST,0 years 0 mons 0 days 8 hours 0 mins 0.00 secs,false
ROK,KST,0 years 0 mons 0 days 9 hours 0 mins 0.00 secs,false
Singapore,+08,0 years 0 mons 0 days 8 hours 0 mins 0.00 secs,false
Turkey,+03,0 years 0 mons 0 days 3 hours 0 mins 0.00 secs,false
UCT,UTC,0 years 0 mons 0 days 0 hours 0 mins 0.00 secs,false
Universal,UTC,0 years 0 mons 0 days 0 hours 0 mins 0.00 secs,false
US/Alaska,AKDT,0 years 0 mons 0 days -8 hours 0 mins -0.00 secs,true
US/Aleutian,HDT,0 years 0 mons 0 days -9 hours 0 mins -0.00 secs,true
US/Arizona,MST,0 years 0 mons 0 days -7 hours 0 mins -0.00 secs,false
US/Central,CDT,0 years 0 mons 0 days -5 hours 0 mins -0.00 secs,true
US/East-Indiana,EDT,0 years 0 mons 0 days -4 hours 0 mins -0.00 secs,true
US/Eastern,EDT,0 years 0 mons 0 days -4 hours 0 mins -0.00 secs,true
US/Hawaii,HST,0 years 0 mons 0 days -10 hours 0 mins -0.00 secs,false
US/Indiana-Starke,CDT,0 years 0 mons 0 days -5 hours 0 mins -0.00 secs,true
US/Michigan,EDT,0 years 0 mons 0 days -4 hours 0 mins -0.00 secs,true
US/Mountain,MDT,0 years 0 mons 0 days -6 hours 0 mins -0.00 secs,true
US/Pacific,PDT,0 years 0 mons 0 days -7 hours 0 mins -0.00 secs,true
US/Samoa,SST,0 years 0 mons 0 days -11 hours 0 mins -0.00 secs,false
UTC,UTC,0 years 0 mons 0 days 0 hours 0 mins 0.00 secs,false
W-SU,MSK,0 years 0 mons 0 days 3 hours 0 mins 0.00 secs,false
WET,WEST,0 years 0 mons 0 days 1 hours 0 mins 0.00 secs,true
Zulu,UTC,0 years 0 mons 0 days 0 hours 0 mins 0.00 secs,false
