FarmApp,public,PK___EFMigrationsHistory,FarmApp,public,__EFMigrationsHistory,PRIMARY KEY,NO,NO,YES
FarmApp,api,PK_ApiMethods,FarmApp,api,ApiMethods,PRIMARY KEY,NO,NO,YES
FarmApp,dist,PK_CodeAthTypes,FarmApp,dist,CodeAthTypes,PRIMARY KEY,NO,NO,YES
FarmApp,dist,FK_CodeAthTypes_CodeAthTypes_CodeAthId,FarmApp,dist,CodeAthTypes,FOREIGN KEY,NO,NO,YES
FarmApp,dist,PK_RegionTypes,FarmApp,dist,RegionTypes,PRIMARY KEY,NO,NO,YES
FarmApp,dist,PK_Roles,FarmApp,dist,Roles,PRIMARY KEY,NO,NO,YES
FarmApp,dist,PK_Vendors,FarmApp,dist,Vendors,PRIMARY KEY,NO,NO,YES
FarmApp,log,PK_Logs,FarmApp,log,Logs,PRIMARY KEY,NO,NO,YES
FarmApp,dist,PK_Regions,FarmApp,dist,Regions,PRIMARY KEY,NO,NO,YES
FarmApp,dist,FK_Regions_Regions_RegionId,FarmApp,dist,Regions,FOREIGN KEY,NO,NO,YES
FarmApp,dist,FK_Regions_RegionTypes_RegionTypeId,FarmApp,dist,Regions,FOREIGN KEY,NO,NO,YES
FarmApp,api,PK_ApiMethodRoles,FarmApp,api,ApiMethodRoles,PRIMARY KEY,NO,NO,YES
FarmApp,api,FK_ApiMethodRoles_ApiMethods_ApiMethodId,FarmApp,api,ApiMethodRoles,FOREIGN KEY,NO,NO,YES
FarmApp,api,FK_ApiMethodRoles_Roles_RoleId,FarmApp,api,ApiMethodRoles,FOREIGN KEY,NO,NO,YES
FarmApp,dist,PK_Users,FarmApp,dist,Users,PRIMARY KEY,NO,NO,YES
FarmApp,dist,FK_Users_Roles_RoleId,FarmApp,dist,Users,FOREIGN KEY,NO,NO,YES
FarmApp,dist,PK_Pharmacies,FarmApp,dist,Pharmacies,PRIMARY KEY,NO,NO,YES
FarmApp,dist,FK_Pharmacies_Pharmacies_PharmacyId,FarmApp,dist,Pharmacies,FOREIGN KEY,NO,NO,YES
FarmApp,dist,FK_Pharmacies_Regions_RegionId,FarmApp,dist,Pharmacies,FOREIGN KEY,NO,NO,YES
FarmApp,tab,PK_Stocks,FarmApp,tab,Stocks,PRIMARY KEY,NO,NO,YES
FarmApp,tab,FK_Stocks_Pharmacies_PharmacyId,FarmApp,tab,Stocks,FOREIGN KEY,NO,NO,YES
FarmApp,tab,PK_Drugs,FarmApp,tab,Drugs,PRIMARY KEY,NO,NO,YES
FarmApp,tab,FK_Drugs_CodeAthTypes_CodeAthTypeId,FarmApp,tab,Drugs,FOREIGN KEY,NO,NO,YES
FarmApp,tab,FK_Drugs_Stocks_StockId,FarmApp,tab,Drugs,FOREIGN KEY,NO,NO,YES
FarmApp,tab,FK_Drugs_Vendors_VendorId,FarmApp,tab,Drugs,FOREIGN KEY,NO,NO,YES
FarmApp,tab,PK_Sales,FarmApp,tab,Sales,PRIMARY KEY,NO,NO,YES
FarmApp,tab,FK_Sales_Drugs_DrugId,FarmApp,tab,Sales,FOREIGN KEY,NO,NO,YES
FarmApp,tab,FK_Sales_Pharmacies_PharmacyId,FarmApp,tab,Sales,FOREIGN KEY,NO,NO,YES
FarmApp,pg_catalog,11_1255_1_not_null,FarmApp,pg_catalog,pg_proc,CHECK,NO,NO,YES
FarmApp,pg_catalog,11_1255_2_not_null,FarmApp,pg_catalog,pg_proc,CHECK,NO,NO,YES
FarmApp,pg_catalog,11_1255_3_not_null,FarmApp,pg_catalog,pg_proc,CHECK,NO,NO,YES
FarmApp,pg_catalog,11_1255_4_not_null,FarmApp,pg_catalog,pg_proc,CHECK,NO,NO,YES
FarmApp,pg_catalog,11_1255_5_not_null,FarmApp,pg_catalog,pg_proc,CHECK,NO,NO,YES
FarmApp,pg_catalog,11_1255_6_not_null,FarmApp,pg_catalog,pg_proc,CHECK,NO,NO,YES
FarmApp,pg_catalog,11_1255_7_not_null,FarmApp,pg_catalog,pg_proc,CHECK,NO,NO,YES
FarmApp,pg_catalog,11_1255_8_not_null,FarmApp,pg_catalog,pg_proc,CHECK,NO,NO,YES
FarmApp,pg_catalog,11_1255_9_not_null,FarmApp,pg_catalog,pg_proc,CHECK,NO,NO,YES
FarmApp,pg_catalog,11_1255_10_not_null,FarmApp,pg_catalog,pg_proc,CHECK,NO,NO,YES
FarmApp,pg_catalog,11_1255_11_not_null,FarmApp,pg_catalog,pg_proc,CHECK,NO,NO,YES
FarmApp,pg_catalog,11_1255_12_not_null,FarmApp,pg_catalog,pg_proc,CHECK,NO,NO,YES
FarmApp,pg_catalog,11_1255_13_not_null,FarmApp,pg_catalog,pg_proc,CHECK,NO,NO,YES
FarmApp,pg_catalog,11_1255_14_not_null,FarmApp,pg_catalog,pg_proc,CHECK,NO,NO,YES
FarmApp,pg_catalog,11_1255_15_not_null,FarmApp,pg_catalog,pg_proc,CHECK,NO,NO,YES
FarmApp,pg_catalog,11_1255_16_not_null,FarmApp,pg_catalog,pg_proc,CHECK,NO,NO,YES
FarmApp,pg_catalog,11_1255_17_not_null,FarmApp,pg_catalog,pg_proc,CHECK,NO,NO,YES
FarmApp,pg_catalog,11_1255_18_not_null,FarmApp,pg_catalog,pg_proc,CHECK,NO,NO,YES
FarmApp,pg_catalog,11_1255_19_not_null,FarmApp,pg_catalog,pg_proc,CHECK,NO,NO,YES
FarmApp,pg_catalog,11_1255_20_not_null,FarmApp,pg_catalog,pg_proc,CHECK,NO,NO,YES
FarmApp,pg_catalog,11_1255_26_not_null,FarmApp,pg_catalog,pg_proc,CHECK,NO,NO,YES
FarmApp,pg_catalog,11_1247_1_not_null,FarmApp,pg_catalog,pg_type,CHECK,NO,NO,YES
FarmApp,pg_catalog,11_1247_2_not_null,FarmApp,pg_catalog,pg_type,CHECK,NO,NO,YES
FarmApp,pg_catalog,11_1247_3_not_null,FarmApp,pg_catalog,pg_type,CHECK,NO,NO,YES
FarmApp,pg_catalog,11_1247_4_not_null,FarmApp,pg_catalog,pg_type,CHECK,NO,NO,YES
FarmApp,pg_catalog,11_1247_5_not_null,FarmApp,pg_catalog,pg_type,CHECK,NO,NO,YES
FarmApp,pg_catalog,11_1247_6_not_null,FarmApp,pg_catalog,pg_type,CHECK,NO,NO,YES
FarmApp,pg_catalog,11_1247_7_not_null,FarmApp,pg_catalog,pg_type,CHECK,NO,NO,YES
FarmApp,pg_catalog,11_1247_8_not_null,FarmApp,pg_catalog,pg_type,CHECK,NO,NO,YES
FarmApp,pg_catalog,11_1247_9_not_null,FarmApp,pg_catalog,pg_type,CHECK,NO,NO,YES
FarmApp,pg_catalog,11_1247_10_not_null,FarmApp,pg_catalog,pg_type,CHECK,NO,NO,YES
FarmApp,pg_catalog,11_1247_11_not_null,FarmApp,pg_catalog,pg_type,CHECK,NO,NO,YES
FarmApp,pg_catalog,11_1247_12_not_null,FarmApp,pg_catalog,pg_type,CHECK,NO,NO,YES
FarmApp,pg_catalog,11_1247_13_not_null,FarmApp,pg_catalog,pg_type,CHECK,NO,NO,YES
FarmApp,pg_catalog,11_1247_14_not_null,FarmApp,pg_catalog,pg_type,CHECK,NO,NO,YES
FarmApp,pg_catalog,11_1247_15_not_null,FarmApp,pg_catalog,pg_type,CHECK,NO,NO,YES
FarmApp,pg_catalog,11_1247_16_not_null,FarmApp,pg_catalog,pg_type,CHECK,NO,NO,YES
FarmApp,pg_catalog,11_1247_17_not_null,FarmApp,pg_catalog,pg_type,CHECK,NO,NO,YES
FarmApp,pg_catalog,11_1247_18_not_null,FarmApp,pg_catalog,pg_type,CHECK,NO,NO,YES
FarmApp,pg_catalog,11_1247_19_not_null,FarmApp,pg_catalog,pg_type,CHECK,NO,NO,YES
FarmApp,pg_catalog,11_1247_20_not_null,FarmApp,pg_catalog,pg_type,CHECK,NO,NO,YES
FarmApp,pg_catalog,11_1247_21_not_null,FarmApp,pg_catalog,pg_type,CHECK,NO,NO,YES
FarmApp,pg_catalog,11_1247_22_not_null,FarmApp,pg_catalog,pg_type,CHECK,NO,NO,YES
FarmApp,pg_catalog,11_1247_23_not_null,FarmApp,pg_catalog,pg_type,CHECK,NO,NO,YES
FarmApp,pg_catalog,11_1247_24_not_null,FarmApp,pg_catalog,pg_type,CHECK,NO,NO,YES
FarmApp,pg_catalog,11_1247_25_not_null,FarmApp,pg_catalog,pg_type,CHECK,NO,NO,YES
FarmApp,pg_catalog,11_1247_26_not_null,FarmApp,pg_catalog,pg_type,CHECK,NO,NO,YES
FarmApp,pg_catalog,11_1247_27_not_null,FarmApp,pg_catalog,pg_type,CHECK,NO,NO,YES
FarmApp,pg_catalog,11_1247_28_not_null,FarmApp,pg_catalog,pg_type,CHECK,NO,NO,YES
FarmApp,pg_catalog,11_1249_1_not_null,FarmApp,pg_catalog,pg_attribute,CHECK,NO,NO,YES
FarmApp,pg_catalog,11_1249_2_not_null,FarmApp,pg_catalog,pg_attribute,CHECK,NO,NO,YES
FarmApp,pg_catalog,11_1249_3_not_null,FarmApp,pg_catalog,pg_attribute,CHECK,NO,NO,YES
FarmApp,pg_catalog,11_1249_4_not_null,FarmApp,pg_catalog,pg_attribute,CHECK,NO,NO,YES
FarmApp,pg_catalog,11_1249_5_not_null,FarmApp,pg_catalog,pg_attribute,CHECK,NO,NO,YES
FarmApp,pg_catalog,11_1249_6_not_null,FarmApp,pg_catalog,pg_attribute,CHECK,NO,NO,YES
FarmApp,pg_catalog,11_1249_7_not_null,FarmApp,pg_catalog,pg_attribute,CHECK,NO,NO,YES
FarmApp,pg_catalog,11_1249_8_not_null,FarmApp,pg_catalog,pg_attribute,CHECK,NO,NO,YES
FarmApp,pg_catalog,11_1249_9_not_null,FarmApp,pg_catalog,pg_attribute,CHECK,NO,NO,YES
FarmApp,pg_catalog,11_1249_10_not_null,FarmApp,pg_catalog,pg_attribute,CHECK,NO,NO,YES
FarmApp,pg_catalog,11_1249_11_not_null,FarmApp,pg_catalog,pg_attribute,CHECK,NO,NO,YES
FarmApp,pg_catalog,11_1249_12_not_null,FarmApp,pg_catalog,pg_attribute,CHECK,NO,NO,YES
FarmApp,pg_catalog,11_1249_13_not_null,FarmApp,pg_catalog,pg_attribute,CHECK,NO,NO,YES
FarmApp,pg_catalog,11_1249_14_not_null,FarmApp,pg_catalog,pg_attribute,CHECK,NO,NO,YES
FarmApp,pg_catalog,11_1249_15_not_null,FarmApp,pg_catalog,pg_attribute,CHECK,NO,NO,YES
FarmApp,pg_catalog,11_1249_16_not_null,FarmApp,pg_catalog,pg_attribute,CHECK,NO,NO,YES
FarmApp,pg_catalog,11_1249_17_not_null,FarmApp,pg_catalog,pg_attribute,CHECK,NO,NO,YES
FarmApp,pg_catalog,11_1249_18_not_null,FarmApp,pg_catalog,pg_attribute,CHECK,NO,NO,YES
FarmApp,pg_catalog,11_1249_19_not_null,FarmApp,pg_catalog,pg_attribute,CHECK,NO,NO,YES
FarmApp,pg_catalog,11_1249_20_not_null,FarmApp,pg_catalog,pg_attribute,CHECK,NO,NO,YES
FarmApp,pg_catalog,11_1249_21_not_null,FarmApp,pg_catalog,pg_attribute,CHECK,NO,NO,YES
FarmApp,pg_catalog,11_1259_1_not_null,FarmApp,pg_catalog,pg_class,CHECK,NO,NO,YES
FarmApp,pg_catalog,11_1259_2_not_null,FarmApp,pg_catalog,pg_class,CHECK,NO,NO,YES
FarmApp,pg_catalog,11_1259_3_not_null,FarmApp,pg_catalog,pg_class,CHECK,NO,NO,YES
FarmApp,pg_catalog,11_1259_4_not_null,FarmApp,pg_catalog,pg_class,CHECK,NO,NO,YES
FarmApp,pg_catalog,11_1259_5_not_null,FarmApp,pg_catalog,pg_class,CHECK,NO,NO,YES
FarmApp,pg_catalog,11_1259_6_not_null,FarmApp,pg_catalog,pg_class,CHECK,NO,NO,YES
FarmApp,pg_catalog,11_1259_7_not_null,FarmApp,pg_catalog,pg_class,CHECK,NO,NO,YES
FarmApp,pg_catalog,11_1259_8_not_null,FarmApp,pg_catalog,pg_class,CHECK,NO,NO,YES
FarmApp,pg_catalog,11_1259_9_not_null,FarmApp,pg_catalog,pg_class,CHECK,NO,NO,YES
FarmApp,pg_catalog,11_1259_10_not_null,FarmApp,pg_catalog,pg_class,CHECK,NO,NO,YES
FarmApp,pg_catalog,11_1259_11_not_null,FarmApp,pg_catalog,pg_class,CHECK,NO,NO,YES
FarmApp,pg_catalog,11_1259_12_not_null,FarmApp,pg_catalog,pg_class,CHECK,NO,NO,YES
FarmApp,pg_catalog,11_1259_13_not_null,FarmApp,pg_catalog,pg_class,CHECK,NO,NO,YES
FarmApp,pg_catalog,11_1259_14_not_null,FarmApp,pg_catalog,pg_class,CHECK,NO,NO,YES
FarmApp,pg_catalog,11_1259_15_not_null,FarmApp,pg_catalog,pg_class,CHECK,NO,NO,YES
FarmApp,pg_catalog,11_1259_16_not_null,FarmApp,pg_catalog,pg_class,CHECK,NO,NO,YES
FarmApp,pg_catalog,11_1259_17_not_null,FarmApp,pg_catalog,pg_class,CHECK,NO,NO,YES
FarmApp,pg_catalog,11_1259_18_not_null,FarmApp,pg_catalog,pg_class,CHECK,NO,NO,YES
FarmApp,pg_catalog,11_1259_19_not_null,FarmApp,pg_catalog,pg_class,CHECK,NO,NO,YES
FarmApp,pg_catalog,11_1259_20_not_null,FarmApp,pg_catalog,pg_class,CHECK,NO,NO,YES
FarmApp,pg_catalog,11_1259_21_not_null,FarmApp,pg_catalog,pg_class,CHECK,NO,NO,YES
FarmApp,pg_catalog,11_1259_22_not_null,FarmApp,pg_catalog,pg_class,CHECK,NO,NO,YES
FarmApp,pg_catalog,11_1259_23_not_null,FarmApp,pg_catalog,pg_class,CHECK,NO,NO,YES
FarmApp,pg_catalog,11_1259_24_not_null,FarmApp,pg_catalog,pg_class,CHECK,NO,NO,YES
FarmApp,pg_catalog,11_1259_25_not_null,FarmApp,pg_catalog,pg_class,CHECK,NO,NO,YES
FarmApp,pg_catalog,11_1259_26_not_null,FarmApp,pg_catalog,pg_class,CHECK,NO,NO,YES
FarmApp,pg_catalog,11_1259_27_not_null,FarmApp,pg_catalog,pg_class,CHECK,NO,NO,YES
FarmApp,pg_catalog,11_1259_28_not_null,FarmApp,pg_catalog,pg_class,CHECK,NO,NO,YES
FarmApp,pg_catalog,11_1259_29_not_null,FarmApp,pg_catalog,pg_class,CHECK,NO,NO,YES
FarmApp,pg_catalog,11_1259_30_not_null,FarmApp,pg_catalog,pg_class,CHECK,NO,NO,YES
FarmApp,pg_catalog,11_2604_1_not_null,FarmApp,pg_catalog,pg_attrdef,CHECK,NO,NO,YES
FarmApp,pg_catalog,11_2604_2_not_null,FarmApp,pg_catalog,pg_attrdef,CHECK,NO,NO,YES
FarmApp,pg_catalog,11_2604_3_not_null,FarmApp,pg_catalog,pg_attrdef,CHECK,NO,NO,YES
FarmApp,pg_catalog,11_2604_4_not_null,FarmApp,pg_catalog,pg_attrdef,CHECK,NO,NO,YES
FarmApp,pg_catalog,11_2606_1_not_null,FarmApp,pg_catalog,pg_constraint,CHECK,NO,NO,YES
FarmApp,pg_catalog,11_2606_2_not_null,FarmApp,pg_catalog,pg_constraint,CHECK,NO,NO,YES
FarmApp,pg_catalog,11_2606_3_not_null,FarmApp,pg_catalog,pg_constraint,CHECK,NO,NO,YES
FarmApp,pg_catalog,11_2606_4_not_null,FarmApp,pg_catalog,pg_constraint,CHECK,NO,NO,YES
FarmApp,pg_catalog,11_2606_5_not_null,FarmApp,pg_catalog,pg_constraint,CHECK,NO,NO,YES
FarmApp,pg_catalog,11_2606_6_not_null,FarmApp,pg_catalog,pg_constraint,CHECK,NO,NO,YES
FarmApp,pg_catalog,11_2606_7_not_null,FarmApp,pg_catalog,pg_constraint,CHECK,NO,NO,YES
FarmApp,pg_catalog,11_2606_8_not_null,FarmApp,pg_catalog,pg_constraint,CHECK,NO,NO,YES
FarmApp,pg_catalog,11_2606_9_not_null,FarmApp,pg_catalog,pg_constraint,CHECK,NO,NO,YES
FarmApp,pg_catalog,11_2606_10_not_null,FarmApp,pg_catalog,pg_constraint,CHECK,NO,NO,YES
FarmApp,pg_catalog,11_2606_11_not_null,FarmApp,pg_catalog,pg_constraint,CHECK,NO,NO,YES
FarmApp,pg_catalog,11_2606_12_not_null,FarmApp,pg_catalog,pg_constraint,CHECK,NO,NO,YES
FarmApp,pg_catalog,11_2606_13_not_null,FarmApp,pg_catalog,pg_constraint,CHECK,NO,NO,YES
FarmApp,pg_catalog,11_2606_14_not_null,FarmApp,pg_catalog,pg_constraint,CHECK,NO,NO,YES
FarmApp,pg_catalog,11_2606_15_not_null,FarmApp,pg_catalog,pg_constraint,CHECK,NO,NO,YES
FarmApp,pg_catalog,11_2606_16_not_null,FarmApp,pg_catalog,pg_constraint,CHECK,NO,NO,YES
FarmApp,pg_catalog,11_2606_17_not_null,FarmApp,pg_catalog,pg_constraint,CHECK,NO,NO,YES
FarmApp,pg_catalog,11_2606_18_not_null,FarmApp,pg_catalog,pg_constraint,CHECK,NO,NO,YES
FarmApp,pg_catalog,11_2611_1_not_null,FarmApp,pg_catalog,pg_inherits,CHECK,NO,NO,YES
FarmApp,pg_catalog,11_2611_2_not_null,FarmApp,pg_catalog,pg_inherits,CHECK,NO,NO,YES
FarmApp,pg_catalog,11_2611_3_not_null,FarmApp,pg_catalog,pg_inherits,CHECK,NO,NO,YES
FarmApp,pg_catalog,11_2610_1_not_null,FarmApp,pg_catalog,pg_index,CHECK,NO,NO,YES
FarmApp,pg_catalog,11_2610_2_not_null,FarmApp,pg_catalog,pg_index,CHECK,NO,NO,YES
FarmApp,pg_catalog,11_2610_3_not_null,FarmApp,pg_catalog,pg_index,CHECK,NO,NO,YES
FarmApp,pg_catalog,11_2610_4_not_null,FarmApp,pg_catalog,pg_index,CHECK,NO,NO,YES
FarmApp,pg_catalog,11_2610_5_not_null,FarmApp,pg_catalog,pg_index,CHECK,NO,NO,YES
FarmApp,pg_catalog,11_2610_6_not_null,FarmApp,pg_catalog,pg_index,CHECK,NO,NO,YES
FarmApp,pg_catalog,11_2610_7_not_null,FarmApp,pg_catalog,pg_index,CHECK,NO,NO,YES
FarmApp,pg_catalog,11_2610_8_not_null,FarmApp,pg_catalog,pg_index,CHECK,NO,NO,YES
FarmApp,pg_catalog,11_2610_9_not_null,FarmApp,pg_catalog,pg_index,CHECK,NO,NO,YES
FarmApp,pg_catalog,11_2610_10_not_null,FarmApp,pg_catalog,pg_index,CHECK,NO,NO,YES
FarmApp,pg_catalog,11_2610_11_not_null,FarmApp,pg_catalog,pg_index,CHECK,NO,NO,YES
FarmApp,pg_catalog,11_2610_12_not_null,FarmApp,pg_catalog,pg_index,CHECK,NO,NO,YES
FarmApp,pg_catalog,11_2610_13_not_null,FarmApp,pg_catalog,pg_index,CHECK,NO,NO,YES
FarmApp,pg_catalog,11_2610_14_not_null,FarmApp,pg_catalog,pg_index,CHECK,NO,NO,YES
FarmApp,pg_catalog,11_2610_15_not_null,FarmApp,pg_catalog,pg_index,CHECK,NO,NO,YES
FarmApp,pg_catalog,11_2610_16_not_null,FarmApp,pg_catalog,pg_index,CHECK,NO,NO,YES
FarmApp,pg_catalog,11_2610_17_not_null,FarmApp,pg_catalog,pg_index,CHECK,NO,NO,YES
FarmApp,pg_catalog,11_2610_18_not_null,FarmApp,pg_catalog,pg_index,CHECK,NO,NO,YES
FarmApp,pg_catalog,11_2617_1_not_null,FarmApp,pg_catalog,pg_operator,CHECK,NO,NO,YES
FarmApp,pg_catalog,11_2617_2_not_null,FarmApp,pg_catalog,pg_operator,CHECK,NO,NO,YES
FarmApp,pg_catalog,11_2617_3_not_null,FarmApp,pg_catalog,pg_operator,CHECK,NO,NO,YES
FarmApp,pg_catalog,11_2617_4_not_null,FarmApp,pg_catalog,pg_operator,CHECK,NO,NO,YES
FarmApp,pg_catalog,11_2617_5_not_null,FarmApp,pg_catalog,pg_operator,CHECK,NO,NO,YES
FarmApp,pg_catalog,11_2617_6_not_null,FarmApp,pg_catalog,pg_operator,CHECK,NO,NO,YES
FarmApp,pg_catalog,11_2617_7_not_null,FarmApp,pg_catalog,pg_operator,CHECK,NO,NO,YES
FarmApp,pg_catalog,11_2617_8_not_null,FarmApp,pg_catalog,pg_operator,CHECK,NO,NO,YES
FarmApp,pg_catalog,11_2617_9_not_null,FarmApp,pg_catalog,pg_operator,CHECK,NO,NO,YES
FarmApp,pg_catalog,11_2617_10_not_null,FarmApp,pg_catalog,pg_operator,CHECK,NO,NO,YES
FarmApp,pg_catalog,11_2617_11_not_null,FarmApp,pg_catalog,pg_operator,CHECK,NO,NO,YES
FarmApp,pg_catalog,11_2617_12_not_null,FarmApp,pg_catalog,pg_operator,CHECK,NO,NO,YES
FarmApp,pg_catalog,11_2617_13_not_null,FarmApp,pg_catalog,pg_operator,CHECK,NO,NO,YES
FarmApp,pg_catalog,11_2617_14_not_null,FarmApp,pg_catalog,pg_operator,CHECK,NO,NO,YES
FarmApp,pg_catalog,11_2617_15_not_null,FarmApp,pg_catalog,pg_operator,CHECK,NO,NO,YES
FarmApp,pg_catalog,11_2753_1_not_null,FarmApp,pg_catalog,pg_opfamily,CHECK,NO,NO,YES
FarmApp,pg_catalog,11_2753_2_not_null,FarmApp,pg_catalog,pg_opfamily,CHECK,NO,NO,YES
FarmApp,pg_catalog,11_2753_3_not_null,FarmApp,pg_catalog,pg_opfamily,CHECK,NO,NO,YES
FarmApp,pg_catalog,11_2753_4_not_null,FarmApp,pg_catalog,pg_opfamily,CHECK,NO,NO,YES
FarmApp,pg_catalog,11_2753_5_not_null,FarmApp,pg_catalog,pg_opfamily,CHECK,NO,NO,YES
FarmApp,pg_catalog,11_2616_1_not_null,FarmApp,pg_catalog,pg_opclass,CHECK,NO,NO,YES
FarmApp,pg_catalog,11_2616_2_not_null,FarmApp,pg_catalog,pg_opclass,CHECK,NO,NO,YES
FarmApp,pg_catalog,11_2616_3_not_null,FarmApp,pg_catalog,pg_opclass,CHECK,NO,NO,YES
FarmApp,pg_catalog,11_2616_4_not_null,FarmApp,pg_catalog,pg_opclass,CHECK,NO,NO,YES
FarmApp,pg_catalog,11_2616_5_not_null,FarmApp,pg_catalog,pg_opclass,CHECK,NO,NO,YES
FarmApp,pg_catalog,11_2616_6_not_null,FarmApp,pg_catalog,pg_opclass,CHECK,NO,NO,YES
FarmApp,pg_catalog,11_2616_7_not_null,FarmApp,pg_catalog,pg_opclass,CHECK,NO,NO,YES
FarmApp,pg_catalog,11_2616_8_not_null,FarmApp,pg_catalog,pg_opclass,CHECK,NO,NO,YES
FarmApp,pg_catalog,11_2616_9_not_null,FarmApp,pg_catalog,pg_opclass,CHECK,NO,NO,YES
FarmApp,pg_catalog,11_2601_1_not_null,FarmApp,pg_catalog,pg_am,CHECK,NO,NO,YES
FarmApp,pg_catalog,11_2601_2_not_null,FarmApp,pg_catalog,pg_am,CHECK,NO,NO,YES
FarmApp,pg_catalog,11_2601_3_not_null,FarmApp,pg_catalog,pg_am,CHECK,NO,NO,YES
FarmApp,pg_catalog,11_2601_4_not_null,FarmApp,pg_catalog,pg_am,CHECK,NO,NO,YES
FarmApp,pg_catalog,11_2602_1_not_null,FarmApp,pg_catalog,pg_amop,CHECK,NO,NO,YES
FarmApp,pg_catalog,11_2602_2_not_null,FarmApp,pg_catalog,pg_amop,CHECK,NO,NO,YES
FarmApp,pg_catalog,11_2602_3_not_null,FarmApp,pg_catalog,pg_amop,CHECK,NO,NO,YES
FarmApp,pg_catalog,11_2602_4_not_null,FarmApp,pg_catalog,pg_amop,CHECK,NO,NO,YES
FarmApp,pg_catalog,11_2602_5_not_null,FarmApp,pg_catalog,pg_amop,CHECK,NO,NO,YES
FarmApp,pg_catalog,11_2602_6_not_null,FarmApp,pg_catalog,pg_amop,CHECK,NO,NO,YES
FarmApp,pg_catalog,11_2602_7_not_null,FarmApp,pg_catalog,pg_amop,CHECK,NO,NO,YES
FarmApp,pg_catalog,11_2602_8_not_null,FarmApp,pg_catalog,pg_amop,CHECK,NO,NO,YES
FarmApp,pg_catalog,11_2602_9_not_null,FarmApp,pg_catalog,pg_amop,CHECK,NO,NO,YES
FarmApp,pg_catalog,11_2603_1_not_null,FarmApp,pg_catalog,pg_amproc,CHECK,NO,NO,YES
FarmApp,pg_catalog,11_2603_2_not_null,FarmApp,pg_catalog,pg_amproc,CHECK,NO,NO,YES
FarmApp,pg_catalog,11_2603_3_not_null,FarmApp,pg_catalog,pg_amproc,CHECK,NO,NO,YES
FarmApp,pg_catalog,11_2603_4_not_null,FarmApp,pg_catalog,pg_amproc,CHECK,NO,NO,YES
FarmApp,pg_catalog,11_2603_5_not_null,FarmApp,pg_catalog,pg_amproc,CHECK,NO,NO,YES
FarmApp,pg_catalog,11_2603_6_not_null,FarmApp,pg_catalog,pg_amproc,CHECK,NO,NO,YES
FarmApp,pg_catalog,11_2612_1_not_null,FarmApp,pg_catalog,pg_language,CHECK,NO,NO,YES
FarmApp,pg_catalog,11_2612_2_not_null,FarmApp,pg_catalog,pg_language,CHECK,NO,NO,YES
FarmApp,pg_catalog,11_2612_3_not_null,FarmApp,pg_catalog,pg_language,CHECK,NO,NO,YES
FarmApp,pg_catalog,11_2612_4_not_null,FarmApp,pg_catalog,pg_language,CHECK,NO,NO,YES
FarmApp,pg_catalog,11_2612_5_not_null,FarmApp,pg_catalog,pg_language,CHECK,NO,NO,YES
FarmApp,pg_catalog,11_2612_6_not_null,FarmApp,pg_catalog,pg_language,CHECK,NO,NO,YES
FarmApp,pg_catalog,11_2612_7_not_null,FarmApp,pg_catalog,pg_language,CHECK,NO,NO,YES
FarmApp,pg_catalog,11_2612_8_not_null,FarmApp,pg_catalog,pg_language,CHECK,NO,NO,YES
FarmApp,pg_catalog,11_2995_1_not_null,FarmApp,pg_catalog,pg_largeobject_metadata,CHECK,NO,NO,YES
FarmApp,pg_catalog,11_2995_2_not_null,FarmApp,pg_catalog,pg_largeobject_metadata,CHECK,NO,NO,YES
FarmApp,pg_catalog,11_2613_1_not_null,FarmApp,pg_catalog,pg_largeobject,CHECK,NO,NO,YES
FarmApp,pg_catalog,11_2613_2_not_null,FarmApp,pg_catalog,pg_largeobject,CHECK,NO,NO,YES
FarmApp,pg_catalog,11_2613_3_not_null,FarmApp,pg_catalog,pg_largeobject,CHECK,NO,NO,YES
FarmApp,pg_catalog,11_2600_1_not_null,FarmApp,pg_catalog,pg_aggregate,CHECK,NO,NO,YES
FarmApp,pg_catalog,11_2600_2_not_null,FarmApp,pg_catalog,pg_aggregate,CHECK,NO,NO,YES
FarmApp,pg_catalog,11_2600_3_not_null,FarmApp,pg_catalog,pg_aggregate,CHECK,NO,NO,YES
FarmApp,pg_catalog,11_2600_4_not_null,FarmApp,pg_catalog,pg_aggregate,CHECK,NO,NO,YES
FarmApp,pg_catalog,11_2600_5_not_null,FarmApp,pg_catalog,pg_aggregate,CHECK,NO,NO,YES
FarmApp,pg_catalog,11_2600_6_not_null,FarmApp,pg_catalog,pg_aggregate,CHECK,NO,NO,YES
FarmApp,pg_catalog,11_2600_7_not_null,FarmApp,pg_catalog,pg_aggregate,CHECK,NO,NO,YES
FarmApp,pg_catalog,11_2600_8_not_null,FarmApp,pg_catalog,pg_aggregate,CHECK,NO,NO,YES
FarmApp,pg_catalog,11_2600_9_not_null,FarmApp,pg_catalog,pg_aggregate,CHECK,NO,NO,YES
FarmApp,pg_catalog,11_2600_10_not_null,FarmApp,pg_catalog,pg_aggregate,CHECK,NO,NO,YES
FarmApp,pg_catalog,11_2600_11_not_null,FarmApp,pg_catalog,pg_aggregate,CHECK,NO,NO,YES
FarmApp,pg_catalog,11_2600_12_not_null,FarmApp,pg_catalog,pg_aggregate,CHECK,NO,NO,YES
FarmApp,pg_catalog,11_2600_13_not_null,FarmApp,pg_catalog,pg_aggregate,CHECK,NO,NO,YES
FarmApp,pg_catalog,11_2600_14_not_null,FarmApp,pg_catalog,pg_aggregate,CHECK,NO,NO,YES
FarmApp,pg_catalog,11_2600_15_not_null,FarmApp,pg_catalog,pg_aggregate,CHECK,NO,NO,YES
FarmApp,pg_catalog,11_2600_16_not_null,FarmApp,pg_catalog,pg_aggregate,CHECK,NO,NO,YES
FarmApp,pg_catalog,11_2600_17_not_null,FarmApp,pg_catalog,pg_aggregate,CHECK,NO,NO,YES
FarmApp,pg_catalog,11_2600_18_not_null,FarmApp,pg_catalog,pg_aggregate,CHECK,NO,NO,YES
FarmApp,pg_catalog,11_2600_19_not_null,FarmApp,pg_catalog,pg_aggregate,CHECK,NO,NO,YES
FarmApp,pg_catalog,11_2600_20_not_null,FarmApp,pg_catalog,pg_aggregate,CHECK,NO,NO,YES
FarmApp,pg_catalog,11_3381_1_not_null,FarmApp,pg_catalog,pg_statistic_ext,CHECK,NO,NO,YES
FarmApp,pg_catalog,11_3381_2_not_null,FarmApp,pg_catalog,pg_statistic_ext,CHECK,NO,NO,YES
FarmApp,pg_catalog,11_3381_3_not_null,FarmApp,pg_catalog,pg_statistic_ext,CHECK,NO,NO,YES
FarmApp,pg_catalog,11_3381_4_not_null,FarmApp,pg_catalog,pg_statistic_ext,CHECK,NO,NO,YES
FarmApp,pg_catalog,11_3381_5_not_null,FarmApp,pg_catalog,pg_statistic_ext,CHECK,NO,NO,YES
FarmApp,pg_catalog,11_3381_6_not_null,FarmApp,pg_catalog,pg_statistic_ext,CHECK,NO,NO,YES
FarmApp,pg_catalog,11_3381_7_not_null,FarmApp,pg_catalog,pg_statistic_ext,CHECK,NO,NO,YES
FarmApp,pg_catalog,11_3429_1_not_null,FarmApp,pg_catalog,pg_statistic_ext_data,CHECK,NO,NO,YES
FarmApp,pg_catalog,11_2619_1_not_null,FarmApp,pg_catalog,pg_statistic,CHECK,NO,NO,YES
FarmApp,pg_catalog,11_2619_2_not_null,FarmApp,pg_catalog,pg_statistic,CHECK,NO,NO,YES
FarmApp,pg_catalog,11_2619_3_not_null,FarmApp,pg_catalog,pg_statistic,CHECK,NO,NO,YES
FarmApp,pg_catalog,11_2619_4_not_null,FarmApp,pg_catalog,pg_statistic,CHECK,NO,NO,YES
FarmApp,pg_catalog,11_2619_5_not_null,FarmApp,pg_catalog,pg_statistic,CHECK,NO,NO,YES
FarmApp,pg_catalog,11_2619_6_not_null,FarmApp,pg_catalog,pg_statistic,CHECK,NO,NO,YES
FarmApp,pg_catalog,11_2619_7_not_null,FarmApp,pg_catalog,pg_statistic,CHECK,NO,NO,YES
FarmApp,pg_catalog,11_2619_8_not_null,FarmApp,pg_catalog,pg_statistic,CHECK,NO,NO,YES
FarmApp,pg_catalog,11_2619_9_not_null,FarmApp,pg_catalog,pg_statistic,CHECK,NO,NO,YES
FarmApp,pg_catalog,11_2619_10_not_null,FarmApp,pg_catalog,pg_statistic,CHECK,NO,NO,YES
FarmApp,pg_catalog,11_2619_11_not_null,FarmApp,pg_catalog,pg_statistic,CHECK,NO,NO,YES
FarmApp,pg_catalog,11_2619_12_not_null,FarmApp,pg_catalog,pg_statistic,CHECK,NO,NO,YES
FarmApp,pg_catalog,11_2619_13_not_null,FarmApp,pg_catalog,pg_statistic,CHECK,NO,NO,YES
FarmApp,pg_catalog,11_2619_14_not_null,FarmApp,pg_catalog,pg_statistic,CHECK,NO,NO,YES
FarmApp,pg_catalog,11_2619_15_not_null,FarmApp,pg_catalog,pg_statistic,CHECK,NO,NO,YES
FarmApp,pg_catalog,11_2619_16_not_null,FarmApp,pg_catalog,pg_statistic,CHECK,NO,NO,YES
FarmApp,pg_catalog,11_2619_17_not_null,FarmApp,pg_catalog,pg_statistic,CHECK,NO,NO,YES
FarmApp,pg_catalog,11_2619_18_not_null,FarmApp,pg_catalog,pg_statistic,CHECK,NO,NO,YES
FarmApp,pg_catalog,11_2619_19_not_null,FarmApp,pg_catalog,pg_statistic,CHECK,NO,NO,YES
FarmApp,pg_catalog,11_2619_20_not_null,FarmApp,pg_catalog,pg_statistic,CHECK,NO,NO,YES
FarmApp,pg_catalog,11_2619_21_not_null,FarmApp,pg_catalog,pg_statistic,CHECK,NO,NO,YES
FarmApp,pg_catalog,11_2618_1_not_null,FarmApp,pg_catalog,pg_rewrite,CHECK,NO,NO,YES
FarmApp,pg_catalog,11_2618_2_not_null,FarmApp,pg_catalog,pg_rewrite,CHECK,NO,NO,YES
FarmApp,pg_catalog,11_2618_3_not_null,FarmApp,pg_catalog,pg_rewrite,CHECK,NO,NO,YES
FarmApp,pg_catalog,11_2618_4_not_null,FarmApp,pg_catalog,pg_rewrite,CHECK,NO,NO,YES
FarmApp,pg_catalog,11_2618_5_not_null,FarmApp,pg_catalog,pg_rewrite,CHECK,NO,NO,YES
FarmApp,pg_catalog,11_2618_6_not_null,FarmApp,pg_catalog,pg_rewrite,CHECK,NO,NO,YES
FarmApp,pg_catalog,11_2618_7_not_null,FarmApp,pg_catalog,pg_rewrite,CHECK,NO,NO,YES
FarmApp,pg_catalog,11_2618_8_not_null,FarmApp,pg_catalog,pg_rewrite,CHECK,NO,NO,YES
FarmApp,pg_catalog,11_2620_1_not_null,FarmApp,pg_catalog,pg_trigger,CHECK,NO,NO,YES
FarmApp,pg_catalog,11_2620_2_not_null,FarmApp,pg_catalog,pg_trigger,CHECK,NO,NO,YES
FarmApp,pg_catalog,11_2620_3_not_null,FarmApp,pg_catalog,pg_trigger,CHECK,NO,NO,YES
FarmApp,pg_catalog,11_2620_4_not_null,FarmApp,pg_catalog,pg_trigger,CHECK,NO,NO,YES
FarmApp,pg_catalog,11_2620_5_not_null,FarmApp,pg_catalog,pg_trigger,CHECK,NO,NO,YES
FarmApp,pg_catalog,11_2620_6_not_null,FarmApp,pg_catalog,pg_trigger,CHECK,NO,NO,YES
FarmApp,pg_catalog,11_2620_7_not_null,FarmApp,pg_catalog,pg_trigger,CHECK,NO,NO,YES
FarmApp,pg_catalog,11_2620_8_not_null,FarmApp,pg_catalog,pg_trigger,CHECK,NO,NO,YES
FarmApp,pg_catalog,11_2620_9_not_null,FarmApp,pg_catalog,pg_trigger,CHECK,NO,NO,YES
FarmApp,pg_catalog,11_2620_10_not_null,FarmApp,pg_catalog,pg_trigger,CHECK,NO,NO,YES
FarmApp,pg_catalog,11_2620_11_not_null,FarmApp,pg_catalog,pg_trigger,CHECK,NO,NO,YES
FarmApp,pg_catalog,11_2620_12_not_null,FarmApp,pg_catalog,pg_trigger,CHECK,NO,NO,YES
FarmApp,pg_catalog,11_2620_13_not_null,FarmApp,pg_catalog,pg_trigger,CHECK,NO,NO,YES
FarmApp,pg_catalog,11_2620_14_not_null,FarmApp,pg_catalog,pg_trigger,CHECK,NO,NO,YES
FarmApp,pg_catalog,11_2620_15_not_null,FarmApp,pg_catalog,pg_trigger,CHECK,NO,NO,YES
FarmApp,pg_catalog,11_3466_1_not_null,FarmApp,pg_catalog,pg_event_trigger,CHECK,NO,NO,YES
FarmApp,pg_catalog,11_3466_2_not_null,FarmApp,pg_catalog,pg_event_trigger,CHECK,NO,NO,YES
FarmApp,pg_catalog,11_3466_3_not_null,FarmApp,pg_catalog,pg_event_trigger,CHECK,NO,NO,YES
FarmApp,pg_catalog,11_3466_4_not_null,FarmApp,pg_catalog,pg_event_trigger,CHECK,NO,NO,YES
FarmApp,pg_catalog,11_3466_5_not_null,FarmApp,pg_catalog,pg_event_trigger,CHECK,NO,NO,YES
FarmApp,pg_catalog,11_3466_6_not_null,FarmApp,pg_catalog,pg_event_trigger,CHECK,NO,NO,YES
FarmApp,pg_catalog,11_2609_1_not_null,FarmApp,pg_catalog,pg_description,CHECK,NO,NO,YES
FarmApp,pg_catalog,11_2609_2_not_null,FarmApp,pg_catalog,pg_description,CHECK,NO,NO,YES
FarmApp,pg_catalog,11_2609_3_not_null,FarmApp,pg_catalog,pg_description,CHECK,NO,NO,YES
FarmApp,pg_catalog,11_2609_4_not_null,FarmApp,pg_catalog,pg_description,CHECK,NO,NO,YES
FarmApp,pg_catalog,11_2605_1_not_null,FarmApp,pg_catalog,pg_cast,CHECK,NO,NO,YES
FarmApp,pg_catalog,11_2605_2_not_null,FarmApp,pg_catalog,pg_cast,CHECK,NO,NO,YES
FarmApp,pg_catalog,11_2605_3_not_null,FarmApp,pg_catalog,pg_cast,CHECK,NO,NO,YES
FarmApp,pg_catalog,11_2605_4_not_null,FarmApp,pg_catalog,pg_cast,CHECK,NO,NO,YES
FarmApp,pg_catalog,11_2605_5_not_null,FarmApp,pg_catalog,pg_cast,CHECK,NO,NO,YES
FarmApp,pg_catalog,11_2605_6_not_null,FarmApp,pg_catalog,pg_cast,CHECK,NO,NO,YES
FarmApp,pg_catalog,11_3501_1_not_null,FarmApp,pg_catalog,pg_enum,CHECK,NO,NO,YES
FarmApp,pg_catalog,11_3501_2_not_null,FarmApp,pg_catalog,pg_enum,CHECK,NO,NO,YES
FarmApp,pg_catalog,11_3501_3_not_null,FarmApp,pg_catalog,pg_enum,CHECK,NO,NO,YES
FarmApp,pg_catalog,11_3501_4_not_null,FarmApp,pg_catalog,pg_enum,CHECK,NO,NO,YES
FarmApp,pg_catalog,11_2615_1_not_null,FarmApp,pg_catalog,pg_namespace,CHECK,NO,NO,YES
FarmApp,pg_catalog,11_2615_2_not_null,FarmApp,pg_catalog,pg_namespace,CHECK,NO,NO,YES
FarmApp,pg_catalog,11_2615_3_not_null,FarmApp,pg_catalog,pg_namespace,CHECK,NO,NO,YES
FarmApp,pg_catalog,11_2607_1_not_null,FarmApp,pg_catalog,pg_conversion,CHECK,NO,NO,YES
FarmApp,pg_catalog,11_2607_2_not_null,FarmApp,pg_catalog,pg_conversion,CHECK,NO,NO,YES
FarmApp,pg_catalog,11_2607_3_not_null,FarmApp,pg_catalog,pg_conversion,CHECK,NO,NO,YES
FarmApp,pg_catalog,11_2607_4_not_null,FarmApp,pg_catalog,pg_conversion,CHECK,NO,NO,YES
FarmApp,pg_catalog,11_2607_5_not_null,FarmApp,pg_catalog,pg_conversion,CHECK,NO,NO,YES
FarmApp,pg_catalog,11_2607_6_not_null,FarmApp,pg_catalog,pg_conversion,CHECK,NO,NO,YES
FarmApp,pg_catalog,11_2607_7_not_null,FarmApp,pg_catalog,pg_conversion,CHECK,NO,NO,YES
FarmApp,pg_catalog,11_2607_8_not_null,FarmApp,pg_catalog,pg_conversion,CHECK,NO,NO,YES
FarmApp,pg_catalog,11_2608_1_not_null,FarmApp,pg_catalog,pg_depend,CHECK,NO,NO,YES
FarmApp,pg_catalog,11_2608_2_not_null,FarmApp,pg_catalog,pg_depend,CHECK,NO,NO,YES
FarmApp,pg_catalog,11_2608_3_not_null,FarmApp,pg_catalog,pg_depend,CHECK,NO,NO,YES
FarmApp,pg_catalog,11_2608_4_not_null,FarmApp,pg_catalog,pg_depend,CHECK,NO,NO,YES
FarmApp,pg_catalog,11_2608_5_not_null,FarmApp,pg_catalog,pg_depend,CHECK,NO,NO,YES
FarmApp,pg_catalog,11_2608_6_not_null,FarmApp,pg_catalog,pg_depend,CHECK,NO,NO,YES
FarmApp,pg_catalog,11_2608_7_not_null,FarmApp,pg_catalog,pg_depend,CHECK,NO,NO,YES
FarmApp,pg_catalog,11_1262_1_not_null,FarmApp,pg_catalog,pg_database,CHECK,NO,NO,YES
FarmApp,pg_catalog,11_1262_2_not_null,FarmApp,pg_catalog,pg_database,CHECK,NO,NO,YES
FarmApp,pg_catalog,11_1262_3_not_null,FarmApp,pg_catalog,pg_database,CHECK,NO,NO,YES
FarmApp,pg_catalog,11_1262_4_not_null,FarmApp,pg_catalog,pg_database,CHECK,NO,NO,YES
FarmApp,pg_catalog,11_1262_5_not_null,FarmApp,pg_catalog,pg_database,CHECK,NO,NO,YES
FarmApp,pg_catalog,11_1262_6_not_null,FarmApp,pg_catalog,pg_database,CHECK,NO,NO,YES
FarmApp,pg_catalog,11_1262_7_not_null,FarmApp,pg_catalog,pg_database,CHECK,NO,NO,YES
FarmApp,pg_catalog,11_1262_8_not_null,FarmApp,pg_catalog,pg_database,CHECK,NO,NO,YES
FarmApp,pg_catalog,11_1262_9_not_null,FarmApp,pg_catalog,pg_database,CHECK,NO,NO,YES
FarmApp,pg_catalog,11_1262_10_not_null,FarmApp,pg_catalog,pg_database,CHECK,NO,NO,YES
FarmApp,pg_catalog,11_1262_11_not_null,FarmApp,pg_catalog,pg_database,CHECK,NO,NO,YES
FarmApp,pg_catalog,11_1262_12_not_null,FarmApp,pg_catalog,pg_database,CHECK,NO,NO,YES
FarmApp,pg_catalog,11_1262_13_not_null,FarmApp,pg_catalog,pg_database,CHECK,NO,NO,YES
FarmApp,pg_catalog,11_2964_1_not_null,FarmApp,pg_catalog,pg_db_role_setting,CHECK,NO,NO,YES
FarmApp,pg_catalog,11_2964_2_not_null,FarmApp,pg_catalog,pg_db_role_setting,CHECK,NO,NO,YES
FarmApp,pg_catalog,11_1213_1_not_null,FarmApp,pg_catalog,pg_tablespace,CHECK,NO,NO,YES
FarmApp,pg_catalog,11_1213_2_not_null,FarmApp,pg_catalog,pg_tablespace,CHECK,NO,NO,YES
FarmApp,pg_catalog,11_1213_3_not_null,FarmApp,pg_catalog,pg_tablespace,CHECK,NO,NO,YES
FarmApp,pg_catalog,11_1136_1_not_null,FarmApp,pg_catalog,pg_pltemplate,CHECK,NO,NO,YES
FarmApp,pg_catalog,11_1136_2_not_null,FarmApp,pg_catalog,pg_pltemplate,CHECK,NO,NO,YES
FarmApp,pg_catalog,11_1136_3_not_null,FarmApp,pg_catalog,pg_pltemplate,CHECK,NO,NO,YES
FarmApp,pg_catalog,11_1136_4_not_null,FarmApp,pg_catalog,pg_pltemplate,CHECK,NO,NO,YES
FarmApp,pg_catalog,11_1136_7_not_null,FarmApp,pg_catalog,pg_pltemplate,CHECK,NO,NO,YES
FarmApp,pg_catalog,11_1260_1_not_null,FarmApp,pg_catalog,pg_authid,CHECK,NO,NO,YES
FarmApp,pg_catalog,11_1260_2_not_null,FarmApp,pg_catalog,pg_authid,CHECK,NO,NO,YES
FarmApp,pg_catalog,11_1260_3_not_null,FarmApp,pg_catalog,pg_authid,CHECK,NO,NO,YES
FarmApp,pg_catalog,11_1260_4_not_null,FarmApp,pg_catalog,pg_authid,CHECK,NO,NO,YES
FarmApp,pg_catalog,11_1260_5_not_null,FarmApp,pg_catalog,pg_authid,CHECK,NO,NO,YES
FarmApp,pg_catalog,11_1260_6_not_null,FarmApp,pg_catalog,pg_authid,CHECK,NO,NO,YES
FarmApp,pg_catalog,11_1260_7_not_null,FarmApp,pg_catalog,pg_authid,CHECK,NO,NO,YES
FarmApp,pg_catalog,11_1260_8_not_null,FarmApp,pg_catalog,pg_authid,CHECK,NO,NO,YES
FarmApp,pg_catalog,11_1260_9_not_null,FarmApp,pg_catalog,pg_authid,CHECK,NO,NO,YES
FarmApp,pg_catalog,11_1260_10_not_null,FarmApp,pg_catalog,pg_authid,CHECK,NO,NO,YES
FarmApp,pg_catalog,11_1261_1_not_null,FarmApp,pg_catalog,pg_auth_members,CHECK,NO,NO,YES
FarmApp,pg_catalog,11_1261_2_not_null,FarmApp,pg_catalog,pg_auth_members,CHECK,NO,NO,YES
FarmApp,pg_catalog,11_1261_3_not_null,FarmApp,pg_catalog,pg_auth_members,CHECK,NO,NO,YES
FarmApp,pg_catalog,11_1261_4_not_null,FarmApp,pg_catalog,pg_auth_members,CHECK,NO,NO,YES
FarmApp,pg_catalog,11_1214_1_not_null,FarmApp,pg_catalog,pg_shdepend,CHECK,NO,NO,YES
FarmApp,pg_catalog,11_1214_2_not_null,FarmApp,pg_catalog,pg_shdepend,CHECK,NO,NO,YES
FarmApp,pg_catalog,11_1214_3_not_null,FarmApp,pg_catalog,pg_shdepend,CHECK,NO,NO,YES
FarmApp,pg_catalog,11_1214_4_not_null,FarmApp,pg_catalog,pg_shdepend,CHECK,NO,NO,YES
FarmApp,pg_catalog,11_1214_5_not_null,FarmApp,pg_catalog,pg_shdepend,CHECK,NO,NO,YES
FarmApp,pg_catalog,11_1214_6_not_null,FarmApp,pg_catalog,pg_shdepend,CHECK,NO,NO,YES
FarmApp,pg_catalog,11_1214_7_not_null,FarmApp,pg_catalog,pg_shdepend,CHECK,NO,NO,YES
FarmApp,pg_catalog,11_2396_1_not_null,FarmApp,pg_catalog,pg_shdescription,CHECK,NO,NO,YES
FarmApp,pg_catalog,11_2396_2_not_null,FarmApp,pg_catalog,pg_shdescription,CHECK,NO,NO,YES
FarmApp,pg_catalog,11_2396_3_not_null,FarmApp,pg_catalog,pg_shdescription,CHECK,NO,NO,YES
FarmApp,pg_catalog,11_3602_1_not_null,FarmApp,pg_catalog,pg_ts_config,CHECK,NO,NO,YES
FarmApp,pg_catalog,11_3602_2_not_null,FarmApp,pg_catalog,pg_ts_config,CHECK,NO,NO,YES
FarmApp,pg_catalog,11_3602_3_not_null,FarmApp,pg_catalog,pg_ts_config,CHECK,NO,NO,YES
FarmApp,pg_catalog,11_3602_4_not_null,FarmApp,pg_catalog,pg_ts_config,CHECK,NO,NO,YES
FarmApp,pg_catalog,11_3602_5_not_null,FarmApp,pg_catalog,pg_ts_config,CHECK,NO,NO,YES
FarmApp,pg_catalog,11_3603_1_not_null,FarmApp,pg_catalog,pg_ts_config_map,CHECK,NO,NO,YES
FarmApp,pg_catalog,11_3603_2_not_null,FarmApp,pg_catalog,pg_ts_config_map,CHECK,NO,NO,YES
FarmApp,pg_catalog,11_3603_3_not_null,FarmApp,pg_catalog,pg_ts_config_map,CHECK,NO,NO,YES
FarmApp,pg_catalog,11_3603_4_not_null,FarmApp,pg_catalog,pg_ts_config_map,CHECK,NO,NO,YES
FarmApp,pg_catalog,11_3600_1_not_null,FarmApp,pg_catalog,pg_ts_dict,CHECK,NO,NO,YES
FarmApp,pg_catalog,11_3600_2_not_null,FarmApp,pg_catalog,pg_ts_dict,CHECK,NO,NO,YES
FarmApp,pg_catalog,11_3600_3_not_null,FarmApp,pg_catalog,pg_ts_dict,CHECK,NO,NO,YES
FarmApp,pg_catalog,11_3600_4_not_null,FarmApp,pg_catalog,pg_ts_dict,CHECK,NO,NO,YES
FarmApp,pg_catalog,11_3600_5_not_null,FarmApp,pg_catalog,pg_ts_dict,CHECK,NO,NO,YES
FarmApp,pg_catalog,11_3601_1_not_null,FarmApp,pg_catalog,pg_ts_parser,CHECK,NO,NO,YES
FarmApp,pg_catalog,11_3601_2_not_null,FarmApp,pg_catalog,pg_ts_parser,CHECK,NO,NO,YES
FarmApp,pg_catalog,11_3601_3_not_null,FarmApp,pg_catalog,pg_ts_parser,CHECK,NO,NO,YES
FarmApp,pg_catalog,11_3601_4_not_null,FarmApp,pg_catalog,pg_ts_parser,CHECK,NO,NO,YES
FarmApp,pg_catalog,11_3601_5_not_null,FarmApp,pg_catalog,pg_ts_parser,CHECK,NO,NO,YES
FarmApp,pg_catalog,11_3601_6_not_null,FarmApp,pg_catalog,pg_ts_parser,CHECK,NO,NO,YES
FarmApp,pg_catalog,11_3601_7_not_null,FarmApp,pg_catalog,pg_ts_parser,CHECK,NO,NO,YES
FarmApp,pg_catalog,11_3601_8_not_null,FarmApp,pg_catalog,pg_ts_parser,CHECK,NO,NO,YES
FarmApp,pg_catalog,11_3764_1_not_null,FarmApp,pg_catalog,pg_ts_template,CHECK,NO,NO,YES
FarmApp,pg_catalog,11_3764_2_not_null,FarmApp,pg_catalog,pg_ts_template,CHECK,NO,NO,YES
FarmApp,pg_catalog,11_3764_3_not_null,FarmApp,pg_catalog,pg_ts_template,CHECK,NO,NO,YES
FarmApp,pg_catalog,11_3764_4_not_null,FarmApp,pg_catalog,pg_ts_template,CHECK,NO,NO,YES
FarmApp,pg_catalog,11_3764_5_not_null,FarmApp,pg_catalog,pg_ts_template,CHECK,NO,NO,YES
FarmApp,pg_catalog,11_3079_1_not_null,FarmApp,pg_catalog,pg_extension,CHECK,NO,NO,YES
FarmApp,pg_catalog,11_3079_2_not_null,FarmApp,pg_catalog,pg_extension,CHECK,NO,NO,YES
FarmApp,pg_catalog,11_3079_3_not_null,FarmApp,pg_catalog,pg_extension,CHECK,NO,NO,YES
FarmApp,pg_catalog,11_3079_4_not_null,FarmApp,pg_catalog,pg_extension,CHECK,NO,NO,YES
FarmApp,pg_catalog,11_3079_5_not_null,FarmApp,pg_catalog,pg_extension,CHECK,NO,NO,YES
FarmApp,pg_catalog,11_3079_6_not_null,FarmApp,pg_catalog,pg_extension,CHECK,NO,NO,YES
FarmApp,pg_catalog,11_2328_1_not_null,FarmApp,pg_catalog,pg_foreign_data_wrapper,CHECK,NO,NO,YES
FarmApp,pg_catalog,11_2328_2_not_null,FarmApp,pg_catalog,pg_foreign_data_wrapper,CHECK,NO,NO,YES
FarmApp,pg_catalog,11_2328_3_not_null,FarmApp,pg_catalog,pg_foreign_data_wrapper,CHECK,NO,NO,YES
FarmApp,pg_catalog,11_2328_4_not_null,FarmApp,pg_catalog,pg_foreign_data_wrapper,CHECK,NO,NO,YES
FarmApp,pg_catalog,11_2328_5_not_null,FarmApp,pg_catalog,pg_foreign_data_wrapper,CHECK,NO,NO,YES
FarmApp,pg_catalog,11_1417_1_not_null,FarmApp,pg_catalog,pg_foreign_server,CHECK,NO,NO,YES
FarmApp,pg_catalog,11_1417_2_not_null,FarmApp,pg_catalog,pg_foreign_server,CHECK,NO,NO,YES
FarmApp,pg_catalog,11_1417_3_not_null,FarmApp,pg_catalog,pg_foreign_server,CHECK,NO,NO,YES
FarmApp,pg_catalog,11_1417_4_not_null,FarmApp,pg_catalog,pg_foreign_server,CHECK,NO,NO,YES
FarmApp,pg_catalog,11_1418_1_not_null,FarmApp,pg_catalog,pg_user_mapping,CHECK,NO,NO,YES
FarmApp,pg_catalog,11_1418_2_not_null,FarmApp,pg_catalog,pg_user_mapping,CHECK,NO,NO,YES
FarmApp,pg_catalog,11_1418_3_not_null,FarmApp,pg_catalog,pg_user_mapping,CHECK,NO,NO,YES
FarmApp,pg_catalog,11_3118_1_not_null,FarmApp,pg_catalog,pg_foreign_table,CHECK,NO,NO,YES
FarmApp,pg_catalog,11_3118_2_not_null,FarmApp,pg_catalog,pg_foreign_table,CHECK,NO,NO,YES
FarmApp,pg_catalog,11_3256_1_not_null,FarmApp,pg_catalog,pg_policy,CHECK,NO,NO,YES
FarmApp,pg_catalog,11_3256_2_not_null,FarmApp,pg_catalog,pg_policy,CHECK,NO,NO,YES
FarmApp,pg_catalog,11_3256_3_not_null,FarmApp,pg_catalog,pg_policy,CHECK,NO,NO,YES
FarmApp,pg_catalog,11_3256_4_not_null,FarmApp,pg_catalog,pg_policy,CHECK,NO,NO,YES
FarmApp,pg_catalog,11_3256_5_not_null,FarmApp,pg_catalog,pg_policy,CHECK,NO,NO,YES
FarmApp,pg_catalog,11_3256_6_not_null,FarmApp,pg_catalog,pg_policy,CHECK,NO,NO,YES
FarmApp,pg_catalog,11_6000_1_not_null,FarmApp,pg_catalog,pg_replication_origin,CHECK,NO,NO,YES
FarmApp,pg_catalog,11_6000_2_not_null,FarmApp,pg_catalog,pg_replication_origin,CHECK,NO,NO,YES
FarmApp,pg_catalog,11_826_1_not_null,FarmApp,pg_catalog,pg_default_acl,CHECK,NO,NO,YES
FarmApp,pg_catalog,11_826_2_not_null,FarmApp,pg_catalog,pg_default_acl,CHECK,NO,NO,YES
FarmApp,pg_catalog,11_826_3_not_null,FarmApp,pg_catalog,pg_default_acl,CHECK,NO,NO,YES
FarmApp,pg_catalog,11_826_4_not_null,FarmApp,pg_catalog,pg_default_acl,CHECK,NO,NO,YES
FarmApp,pg_catalog,11_826_5_not_null,FarmApp,pg_catalog,pg_default_acl,CHECK,NO,NO,YES
FarmApp,pg_catalog,11_3394_1_not_null,FarmApp,pg_catalog,pg_init_privs,CHECK,NO,NO,YES
FarmApp,pg_catalog,11_3394_2_not_null,FarmApp,pg_catalog,pg_init_privs,CHECK,NO,NO,YES
FarmApp,pg_catalog,11_3394_3_not_null,FarmApp,pg_catalog,pg_init_privs,CHECK,NO,NO,YES
FarmApp,pg_catalog,11_3394_4_not_null,FarmApp,pg_catalog,pg_init_privs,CHECK,NO,NO,YES
FarmApp,pg_catalog,11_3394_5_not_null,FarmApp,pg_catalog,pg_init_privs,CHECK,NO,NO,YES
FarmApp,pg_catalog,11_3596_1_not_null,FarmApp,pg_catalog,pg_seclabel,CHECK,NO,NO,YES
FarmApp,pg_catalog,11_3596_2_not_null,FarmApp,pg_catalog,pg_seclabel,CHECK,NO,NO,YES
FarmApp,pg_catalog,11_3596_3_not_null,FarmApp,pg_catalog,pg_seclabel,CHECK,NO,NO,YES
FarmApp,pg_catalog,11_3596_4_not_null,FarmApp,pg_catalog,pg_seclabel,CHECK,NO,NO,YES
FarmApp,pg_catalog,11_3596_5_not_null,FarmApp,pg_catalog,pg_seclabel,CHECK,NO,NO,YES
FarmApp,pg_catalog,11_3592_1_not_null,FarmApp,pg_catalog,pg_shseclabel,CHECK,NO,NO,YES
FarmApp,pg_catalog,11_3592_2_not_null,FarmApp,pg_catalog,pg_shseclabel,CHECK,NO,NO,YES
FarmApp,pg_catalog,11_3592_3_not_null,FarmApp,pg_catalog,pg_shseclabel,CHECK,NO,NO,YES
FarmApp,pg_catalog,11_3592_4_not_null,FarmApp,pg_catalog,pg_shseclabel,CHECK,NO,NO,YES
FarmApp,pg_catalog,11_3456_1_not_null,FarmApp,pg_catalog,pg_collation,CHECK,NO,NO,YES
FarmApp,pg_catalog,11_3456_2_not_null,FarmApp,pg_catalog,pg_collation,CHECK,NO,NO,YES
FarmApp,pg_catalog,11_3456_3_not_null,FarmApp,pg_catalog,pg_collation,CHECK,NO,NO,YES
FarmApp,pg_catalog,11_3456_4_not_null,FarmApp,pg_catalog,pg_collation,CHECK,NO,NO,YES
FarmApp,pg_catalog,11_3456_5_not_null,FarmApp,pg_catalog,pg_collation,CHECK,NO,NO,YES
FarmApp,pg_catalog,11_3456_6_not_null,FarmApp,pg_catalog,pg_collation,CHECK,NO,NO,YES
FarmApp,pg_catalog,11_3456_7_not_null,FarmApp,pg_catalog,pg_collation,CHECK,NO,NO,YES
FarmApp,pg_catalog,11_3456_8_not_null,FarmApp,pg_catalog,pg_collation,CHECK,NO,NO,YES
FarmApp,pg_catalog,11_3456_9_not_null,FarmApp,pg_catalog,pg_collation,CHECK,NO,NO,YES
FarmApp,pg_catalog,11_3350_1_not_null,FarmApp,pg_catalog,pg_partitioned_table,CHECK,NO,NO,YES
FarmApp,pg_catalog,11_3350_2_not_null,FarmApp,pg_catalog,pg_partitioned_table,CHECK,NO,NO,YES
FarmApp,pg_catalog,11_3350_3_not_null,FarmApp,pg_catalog,pg_partitioned_table,CHECK,NO,NO,YES
FarmApp,pg_catalog,11_3350_4_not_null,FarmApp,pg_catalog,pg_partitioned_table,CHECK,NO,NO,YES
FarmApp,pg_catalog,11_3350_5_not_null,FarmApp,pg_catalog,pg_partitioned_table,CHECK,NO,NO,YES
FarmApp,pg_catalog,11_3350_6_not_null,FarmApp,pg_catalog,pg_partitioned_table,CHECK,NO,NO,YES
FarmApp,pg_catalog,11_3350_7_not_null,FarmApp,pg_catalog,pg_partitioned_table,CHECK,NO,NO,YES
FarmApp,pg_catalog,11_3541_1_not_null,FarmApp,pg_catalog,pg_range,CHECK,NO,NO,YES
FarmApp,pg_catalog,11_3541_2_not_null,FarmApp,pg_catalog,pg_range,CHECK,NO,NO,YES
FarmApp,pg_catalog,11_3541_3_not_null,FarmApp,pg_catalog,pg_range,CHECK,NO,NO,YES
FarmApp,pg_catalog,11_3541_4_not_null,FarmApp,pg_catalog,pg_range,CHECK,NO,NO,YES
FarmApp,pg_catalog,11_3541_5_not_null,FarmApp,pg_catalog,pg_range,CHECK,NO,NO,YES
FarmApp,pg_catalog,11_3541_6_not_null,FarmApp,pg_catalog,pg_range,CHECK,NO,NO,YES
FarmApp,pg_catalog,11_3576_1_not_null,FarmApp,pg_catalog,pg_transform,CHECK,NO,NO,YES
FarmApp,pg_catalog,11_3576_2_not_null,FarmApp,pg_catalog,pg_transform,CHECK,NO,NO,YES
FarmApp,pg_catalog,11_3576_3_not_null,FarmApp,pg_catalog,pg_transform,CHECK,NO,NO,YES
FarmApp,pg_catalog,11_3576_4_not_null,FarmApp,pg_catalog,pg_transform,CHECK,NO,NO,YES
FarmApp,pg_catalog,11_3576_5_not_null,FarmApp,pg_catalog,pg_transform,CHECK,NO,NO,YES
FarmApp,pg_catalog,11_2224_1_not_null,FarmApp,pg_catalog,pg_sequence,CHECK,NO,NO,YES
FarmApp,pg_catalog,11_2224_2_not_null,FarmApp,pg_catalog,pg_sequence,CHECK,NO,NO,YES
FarmApp,pg_catalog,11_2224_3_not_null,FarmApp,pg_catalog,pg_sequence,CHECK,NO,NO,YES
FarmApp,pg_catalog,11_2224_4_not_null,FarmApp,pg_catalog,pg_sequence,CHECK,NO,NO,YES
FarmApp,pg_catalog,11_2224_5_not_null,FarmApp,pg_catalog,pg_sequence,CHECK,NO,NO,YES
FarmApp,pg_catalog,11_2224_6_not_null,FarmApp,pg_catalog,pg_sequence,CHECK,NO,NO,YES
FarmApp,pg_catalog,11_2224_7_not_null,FarmApp,pg_catalog,pg_sequence,CHECK,NO,NO,YES
FarmApp,pg_catalog,11_2224_8_not_null,FarmApp,pg_catalog,pg_sequence,CHECK,NO,NO,YES
FarmApp,pg_catalog,11_6104_1_not_null,FarmApp,pg_catalog,pg_publication,CHECK,NO,NO,YES
FarmApp,pg_catalog,11_6104_2_not_null,FarmApp,pg_catalog,pg_publication,CHECK,NO,NO,YES
FarmApp,pg_catalog,11_6104_3_not_null,FarmApp,pg_catalog,pg_publication,CHECK,NO,NO,YES
FarmApp,pg_catalog,11_6104_4_not_null,FarmApp,pg_catalog,pg_publication,CHECK,NO,NO,YES
FarmApp,pg_catalog,11_6104_5_not_null,FarmApp,pg_catalog,pg_publication,CHECK,NO,NO,YES
FarmApp,pg_catalog,11_6104_6_not_null,FarmApp,pg_catalog,pg_publication,CHECK,NO,NO,YES
FarmApp,pg_catalog,11_6104_7_not_null,FarmApp,pg_catalog,pg_publication,CHECK,NO,NO,YES
FarmApp,pg_catalog,11_6104_8_not_null,FarmApp,pg_catalog,pg_publication,CHECK,NO,NO,YES
FarmApp,pg_catalog,11_6106_1_not_null,FarmApp,pg_catalog,pg_publication_rel,CHECK,NO,NO,YES
FarmApp,pg_catalog,11_6106_2_not_null,FarmApp,pg_catalog,pg_publication_rel,CHECK,NO,NO,YES
FarmApp,pg_catalog,11_6106_3_not_null,FarmApp,pg_catalog,pg_publication_rel,CHECK,NO,NO,YES
FarmApp,pg_catalog,11_6100_1_not_null,FarmApp,pg_catalog,pg_subscription,CHECK,NO,NO,YES
FarmApp,public,2200_35301_1_not_null,FarmApp,public,__EFMigrationsHistory,CHECK,NO,NO,YES
FarmApp,public,2200_35301_2_not_null,FarmApp,public,__EFMigrationsHistory,CHECK,NO,NO,YES
FarmApp,pg_catalog,11_6100_6_not_null,FarmApp,pg_catalog,pg_subscription,CHECK,NO,NO,YES
FarmApp,pg_catalog,11_6100_8_not_null,FarmApp,pg_catalog,pg_subscription,CHECK,NO,NO,YES
FarmApp,pg_catalog,11_6102_1_not_null,FarmApp,pg_catalog,pg_subscription_rel,CHECK,NO,NO,YES
FarmApp,pg_catalog,11_6102_2_not_null,FarmApp,pg_catalog,pg_subscription_rel,CHECK,NO,NO,YES
FarmApp,pg_catalog,11_6102_3_not_null,FarmApp,pg_catalog,pg_subscription_rel,CHECK,NO,NO,YES
FarmApp,pg_catalog,11_6102_4_not_null,FarmApp,pg_catalog,pg_subscription_rel,CHECK,NO,NO,YES
FarmApp,pg_catalog,11_6100_2_not_null,FarmApp,pg_catalog,pg_subscription,CHECK,NO,NO,YES
FarmApp,pg_catalog,11_6100_3_not_null,FarmApp,pg_catalog,pg_subscription,CHECK,NO,NO,YES
FarmApp,pg_catalog,11_6100_4_not_null,FarmApp,pg_catalog,pg_subscription,CHECK,NO,NO,YES
FarmApp,pg_catalog,11_6100_5_not_null,FarmApp,pg_catalog,pg_subscription,CHECK,NO,NO,YES
FarmApp,pg_catalog,11_6100_7_not_null,FarmApp,pg_catalog,pg_subscription,CHECK,NO,NO,YES
FarmApp,pg_catalog,11_6100_9_not_null,FarmApp,pg_catalog,pg_subscription,CHECK,NO,NO,YES
FarmApp,api,35306_35312_1_not_null,FarmApp,api,ApiMethods,CHECK,NO,NO,YES
FarmApp,api,35306_35312_2_not_null,FarmApp,api,ApiMethods,CHECK,NO,NO,YES
FarmApp,api,35306_35312_4_not_null,FarmApp,api,ApiMethods,CHECK,NO,NO,YES
FarmApp,api,35306_35312_5_not_null,FarmApp,api,ApiMethods,CHECK,NO,NO,YES
FarmApp,api,35306_35312_6_not_null,FarmApp,api,ApiMethods,CHECK,NO,NO,YES
FarmApp,api,35306_35312_7_not_null,FarmApp,api,ApiMethods,CHECK,NO,NO,YES
FarmApp,api,35306_35312_8_not_null,FarmApp,api,ApiMethods,CHECK,NO,NO,YES
FarmApp,dist,35307_35322_1_not_null,FarmApp,dist,CodeAthTypes,CHECK,NO,NO,YES
FarmApp,dist,35307_35322_3_not_null,FarmApp,dist,CodeAthTypes,CHECK,NO,NO,YES
FarmApp,dist,35307_35322_4_not_null,FarmApp,dist,CodeAthTypes,CHECK,NO,NO,YES
FarmApp,dist,35307_35322_5_not_null,FarmApp,dist,CodeAthTypes,CHECK,NO,NO,YES
FarmApp,dist,35307_35334_1_not_null,FarmApp,dist,RegionTypes,CHECK,NO,NO,YES
FarmApp,dist,35307_35334_2_not_null,FarmApp,dist,RegionTypes,CHECK,NO,NO,YES
FarmApp,dist,35307_35334_3_not_null,FarmApp,dist,RegionTypes,CHECK,NO,NO,YES
FarmApp,dist,35307_35341_1_not_null,FarmApp,dist,Roles,CHECK,NO,NO,YES
FarmApp,dist,35307_35341_2_not_null,FarmApp,dist,Roles,CHECK,NO,NO,YES
FarmApp,dist,35307_35341_3_not_null,FarmApp,dist,Roles,CHECK,NO,NO,YES
FarmApp,dist,35307_35348_1_not_null,FarmApp,dist,Vendors,CHECK,NO,NO,YES
FarmApp,dist,35307_35348_2_not_null,FarmApp,dist,Vendors,CHECK,NO,NO,YES
FarmApp,dist,35307_35348_3_not_null,FarmApp,dist,Vendors,CHECK,NO,NO,YES
FarmApp,dist,35307_35348_4_not_null,FarmApp,dist,Vendors,CHECK,NO,NO,YES
FarmApp,dist,35307_35348_5_not_null,FarmApp,dist,Vendors,CHECK,NO,NO,YES
FarmApp,log,35309_35358_1_not_null,FarmApp,log,Logs,CHECK,NO,NO,YES
FarmApp,dist,35307_35368_1_not_null,FarmApp,dist,Regions,CHECK,NO,NO,YES
FarmApp,dist,35307_35368_3_not_null,FarmApp,dist,Regions,CHECK,NO,NO,YES
FarmApp,dist,35307_35368_4_not_null,FarmApp,dist,Regions,CHECK,NO,NO,YES
FarmApp,dist,35307_35368_5_not_null,FarmApp,dist,Regions,CHECK,NO,NO,YES
FarmApp,dist,35307_35368_6_not_null,FarmApp,dist,Regions,CHECK,NO,NO,YES
FarmApp,api,35306_35385_1_not_null,FarmApp,api,ApiMethodRoles,CHECK,NO,NO,YES
FarmApp,api,35306_35385_2_not_null,FarmApp,api,ApiMethodRoles,CHECK,NO,NO,YES
FarmApp,api,35306_35385_3_not_null,FarmApp,api,ApiMethodRoles,CHECK,NO,NO,YES
FarmApp,api,35306_35385_4_not_null,FarmApp,api,ApiMethodRoles,CHECK,NO,NO,YES
FarmApp,dist,35307_35402_1_not_null,FarmApp,dist,Users,CHECK,NO,NO,YES
FarmApp,dist,35307_35402_3_not_null,FarmApp,dist,Users,CHECK,NO,NO,YES
FarmApp,dist,35307_35402_4_not_null,FarmApp,dist,Users,CHECK,NO,NO,YES
FarmApp,dist,35307_35402_5_not_null,FarmApp,dist,Users,CHECK,NO,NO,YES
FarmApp,dist,35307_35402_6_not_null,FarmApp,dist,Users,CHECK,NO,NO,YES
FarmApp,dist,35307_35402_7_not_null,FarmApp,dist,Users,CHECK,NO,NO,YES
FarmApp,dist,35307_35402_8_not_null,FarmApp,dist,Users,CHECK,NO,NO,YES
FarmApp,dist,35307_35402_9_not_null,FarmApp,dist,Users,CHECK,NO,NO,YES
FarmApp,dist,35307_35417_1_not_null,FarmApp,dist,Pharmacies,CHECK,NO,NO,YES
FarmApp,dist,35307_35417_4_not_null,FarmApp,dist,Pharmacies,CHECK,NO,NO,YES
FarmApp,dist,35307_35417_5_not_null,FarmApp,dist,Pharmacies,CHECK,NO,NO,YES
FarmApp,dist,35307_35417_6_not_null,FarmApp,dist,Pharmacies,CHECK,NO,NO,YES
FarmApp,dist,35307_35417_7_not_null,FarmApp,dist,Pharmacies,CHECK,NO,NO,YES
FarmApp,dist,35307_35417_8_not_null,FarmApp,dist,Pharmacies,CHECK,NO,NO,YES
FarmApp,tab,35308_35437_1_not_null,FarmApp,tab,Stocks,CHECK,NO,NO,YES
FarmApp,tab,35308_35437_2_not_null,FarmApp,tab,Stocks,CHECK,NO,NO,YES
FarmApp,tab,35308_35449_1_not_null,FarmApp,tab,Drugs,CHECK,NO,NO,YES
FarmApp,tab,35308_35449_2_not_null,FarmApp,tab,Drugs,CHECK,NO,NO,YES
FarmApp,tab,35308_35449_3_not_null,FarmApp,tab,Drugs,CHECK,NO,NO,YES
FarmApp,tab,35308_35449_4_not_null,FarmApp,tab,Drugs,CHECK,NO,NO,YES
FarmApp,tab,35308_35449_5_not_null,FarmApp,tab,Drugs,CHECK,NO,NO,YES
FarmApp,tab,35308_35449_6_not_null,FarmApp,tab,Drugs,CHECK,NO,NO,YES
FarmApp,tab,35308_35471_1_not_null,FarmApp,tab,Sales,CHECK,NO,NO,YES
FarmApp,tab,35308_35471_2_not_null,FarmApp,tab,Sales,CHECK,NO,NO,YES
FarmApp,tab,35308_35471_3_not_null,FarmApp,tab,Sales,CHECK,NO,NO,YES
FarmApp,tab,35308_35471_4_not_null,FarmApp,tab,Sales,CHECK,NO,NO,YES
FarmApp,tab,35308_35471_5_not_null,FarmApp,tab,Sales,CHECK,NO,NO,YES
FarmApp,tab,35308_35471_6_not_null,FarmApp,tab,Sales,CHECK,NO,NO,YES
FarmApp,tab,35308_35471_7_not_null,FarmApp,tab,Sales,CHECK,NO,NO,YES
FarmApp,tab,35308_35471_8_not_null,FarmApp,tab,Sales,CHECK,NO,NO,YES
