35301,__EFMigrationsHistory,2200,35303,0,10,2,35301,0,0,0,0,0,true,false,p,r,2,0,false,false,false,false,false,true,d,false,0,863,1,,,
35304,PK___EFMigrationsHistory,2200,0,0,10,403,35304,0,1,0,0,0,false,false,p,i,1,0,false,false,false,false,false,true,n,false,0,0,0,,,
35310,ApiMethods_Id_seq,35306,35311,0,10,0,35310,0,1,1,0,0,false,false,p,S,3,0,false,false,false,false,false,true,n,false,0,0,0,,,
35315,pg_toast_35312,99,35316,0,10,2,35315,0,0,0,0,0,true,false,p,t,3,0,false,false,false,false,false,true,n,false,0,864,1,,,
35317,pg_toast_35312_index,99,0,0,10,403,35317,0,1,0,0,0,false,false,p,i,2,0,false,false,false,false,false,true,n,false,0,0,0,,,
35318,PK_ApiMethods,35306,0,0,10,403,35318,0,2,58,0,0,false,false,p,i,1,0,false,false,false,false,false,true,n,false,0,0,0,,,
35320,CodeAthTypes_Id_seq,35307,35321,0,10,0,35320,0,1,1,0,0,false,false,p,S,3,0,false,false,false,false,false,true,n,false,0,0,0,,,
35325,PK_CodeAthTypes,35307,0,0,10,403,35325,0,1,0,0,0,false,false,p,i,1,0,false,false,false,false,false,true,n,false,0,0,0,,,
35322,CodeAthTypes,35307,35324,0,10,2,35322,0,0,0,0,0,true,false,p,r,5,0,false,true,false,false,false,true,d,false,0,864,1,,,
35332,RegionTypes_Id_seq,35307,35333,0,10,0,35332,0,1,1,0,0,false,false,p,S,3,0,false,false,false,false,false,true,n,false,0,0,0,,,
35337,PK_RegionTypes,35307,0,0,10,403,35337,0,1,0,0,0,false,false,p,i,1,0,false,false,false,false,false,true,n,false,0,0,0,,,
35339,Roles_Id_seq,35307,35340,0,10,0,35339,0,1,1,0,0,false,false,p,S,3,0,false,false,false,false,false,true,n,false,0,0,0,,,
35344,PK_Roles,35307,0,0,10,403,35344,0,1,0,0,0,false,false,p,i,1,0,false,false,false,false,false,true,n,false,0,0,0,,,
35346,Vendors_Id_seq,35307,35347,0,10,0,35346,0,1,1,0,0,false,false,p,S,3,0,false,false,false,false,false,true,n,false,0,0,0,,,
35351,pg_toast_35348,99,35352,0,10,2,35351,0,0,0,0,0,true,false,p,t,3,0,false,false,false,false,false,true,n,false,0,864,1,,,
35353,pg_toast_35348_index,99,0,0,10,403,35353,0,1,0,0,0,false,false,p,i,2,0,false,false,false,false,false,true,n,false,0,0,0,,,
35354,PK_Vendors,35307,0,0,10,403,35354,0,1,0,0,0,false,false,p,i,1,0,false,false,false,false,false,true,n,false,0,0,0,,,
35356,Logs_Id_seq,35309,35357,0,10,0,35356,0,1,1,0,0,false,false,p,S,3,0,false,false,false,false,false,true,n,false,0,0,0,,,
35361,pg_toast_35358,99,35362,0,10,2,35361,0,0,0,0,0,true,false,p,t,3,0,false,false,false,false,false,true,n,false,0,864,1,,,
35363,pg_toast_35358_index,99,0,0,10,403,35363,0,1,0,0,0,false,false,p,i,2,0,false,false,false,false,false,true,n,false,0,0,0,,,
35358,Logs,35309,35360,0,10,2,35358,0,17,157,0,35361,true,false,p,r,17,0,false,false,false,false,false,true,d,false,0,864,1,,,
35364,PK_Logs,35309,0,0,10,403,35364,0,2,157,0,0,false,false,p,i,1,0,false,false,false,false,false,true,n,false,0,0,0,,,
35366,Regions_Id_seq,35307,35367,0,10,0,35366,0,1,1,0,0,false,false,p,S,3,0,false,false,false,false,false,true,n,false,0,0,0,,,
35371,PK_Regions,35307,0,0,10,403,35371,0,2,14,0,0,false,false,p,i,1,0,false,false,false,false,false,true,n,false,0,0,0,,,
35368,Regions,35307,35370,0,10,2,35368,0,1,14,1,0,true,false,p,r,6,0,false,true,false,false,false,true,d,false,0,864,1,,,
35334,RegionTypes,35307,35336,0,10,2,35334,0,0,0,0,0,true,false,p,r,3,0,false,true,false,false,false,true,d,false,0,864,1,,,
35383,ApiMethodRoles_Id_seq,35306,35384,0,10,0,35383,0,1,1,0,0,false,false,p,S,3,0,false,false,false,false,false,true,n,false,0,0,0,,,
35388,PK_ApiMethodRoles,35306,0,0,10,403,35388,0,1,0,0,0,false,false,p,i,1,0,false,false,false,false,false,true,n,false,0,0,0,,,
35312,ApiMethods,35306,35314,0,10,2,35312,0,1,58,0,35315,true,false,p,r,8,0,false,true,false,false,false,true,d,false,0,864,1,,,
35385,ApiMethodRoles,35306,35387,0,10,2,35385,0,1,3,0,0,true,false,p,r,4,0,false,true,false,false,false,true,d,false,0,864,1,,,
35341,Roles,35307,35343,0,10,2,35341,0,0,0,0,0,true,false,p,r,3,0,false,true,false,false,false,true,d,false,0,864,1,,,
35400,Users_Id_seq,35307,35401,0,10,0,35400,0,1,1,0,0,false,false,p,S,3,0,false,false,false,false,false,true,n,false,0,0,0,,,
2619,pg_statistic,11,12016,0,10,2,2619,0,19,422,19,2840,true,false,p,r,31,0,false,false,false,false,false,true,n,false,0,480,1,{postgres=arwdDxt/postgres},,
1247,pg_type,11,71,0,10,2,0,0,10,406,10,4171,true,false,p,r,31,0,false,false,false,false,false,true,n,false,0,480,1,"{postgres=arwdDxt/postgres,=r/postgres}",,
35405,pg_toast_35402,99,35406,0,10,2,35405,0,0,0,0,0,true,false,p,t,3,0,false,false,false,false,false,true,n,false,0,864,1,,,
35407,pg_toast_35402_index,99,0,0,10,403,35407,0,1,0,0,0,false,false,p,i,2,0,false,false,false,false,false,true,n,false,0,0,0,,,
35408,PK_Users,35307,0,0,10,403,35408,0,1,0,0,0,false,false,p,i,1,0,false,false,false,false,false,true,n,false,0,0,0,,,
35402,Users,35307,35404,0,10,2,35402,0,0,0,0,35405,true,false,p,r,9,0,false,true,false,false,false,true,d,false,0,864,1,,,
35415,Pharmacies_Id_seq,35307,35416,0,10,0,35415,0,1,1,0,0,false,false,p,S,3,0,false,false,false,false,false,true,n,false,0,0,0,,,
35420,pg_toast_35417,99,35421,0,10,2,35420,0,0,0,0,0,true,false,p,t,3,0,false,false,false,false,false,true,n,false,0,864,1,,,
35422,pg_toast_35417_index,99,0,0,10,403,35422,0,1,0,0,0,false,false,p,i,2,0,false,false,false,false,false,true,n,false,0,0,0,,,
35423,PK_Pharmacies,35307,0,0,10,403,35423,0,1,0,0,0,false,false,p,i,1,0,false,false,false,false,false,true,n,false,0,0,0,,,
35417,Pharmacies,35307,35419,0,10,2,35417,0,0,0,0,35420,true,false,p,r,8,0,false,true,false,false,false,true,d,false,0,864,1,,,
35435,Stocks_Id_seq,35308,35436,0,10,0,35435,0,1,1,0,0,false,false,p,S,3,0,false,false,false,false,false,true,n,false,0,0,0,,,
35440,PK_Stocks,35308,0,0,10,403,35440,0,1,0,0,0,false,false,p,i,1,0,false,false,false,false,false,true,n,false,0,0,0,,,
35437,Stocks,35308,35439,0,10,2,35437,0,0,0,0,0,true,false,p,r,2,0,false,true,false,false,false,true,d,false,0,864,1,,,
4159,pg_toast_2600,99,12054,0,10,2,4159,0,0,0,0,0,true,false,p,t,3,0,false,false,false,false,false,true,n,false,0,480,1,,,
4160,pg_toast_2600_index,99,0,0,10,403,4160,0,1,0,0,0,false,false,p,i,2,0,false,false,false,false,false,true,n,false,0,0,0,,,
2830,pg_toast_2604,99,12055,0,10,2,2830,0,0,0,0,0,true,false,p,t,3,0,false,false,false,false,false,true,n,false,0,480,1,,,
2831,pg_toast_2604_index,99,0,0,10,403,2831,0,1,0,0,0,false,false,p,i,2,0,false,false,false,false,false,true,n,false,0,0,0,,,
4161,pg_toast_3456,99,12056,0,10,2,4161,0,0,0,0,0,true,false,p,t,3,0,false,false,false,false,false,true,n,false,0,480,1,,,
4162,pg_toast_3456_index,99,0,0,10,403,4162,0,1,0,0,0,false,false,p,i,2,0,false,false,false,false,false,true,n,false,0,0,0,,,
2832,pg_toast_2606,99,12057,0,10,2,2832,0,0,0,0,0,true,false,p,t,3,0,false,false,false,false,false,true,n,false,0,480,1,,,
2833,pg_toast_2606_index,99,0,0,10,403,2833,0,1,0,0,0,false,false,p,i,2,0,false,false,false,false,false,true,n,false,0,0,0,,,
4143,pg_toast_826,99,12058,0,10,2,4143,0,0,0,0,0,true,false,p,t,3,0,false,false,false,false,false,true,n,false,0,480,1,,,
4144,pg_toast_826_index,99,0,0,10,403,4144,0,1,0,0,0,false,false,p,i,2,0,false,false,false,false,false,true,n,false,0,0,0,,,
2834,pg_toast_2609,99,12059,0,10,2,2834,0,0,0,0,0,true,false,p,t,3,0,false,false,false,false,false,true,n,false,0,480,1,,,
2835,pg_toast_2609_index,99,0,0,10,403,2835,0,1,0,0,0,false,false,p,i,2,0,false,false,false,false,false,true,n,false,0,0,0,,,
4145,pg_toast_3466,99,12060,0,10,2,4145,0,0,0,0,0,true,false,p,t,3,0,false,false,false,false,false,true,n,false,0,480,1,,,
4146,pg_toast_3466_index,99,0,0,10,403,4146,0,1,0,0,0,false,false,p,i,2,0,false,false,false,false,false,true,n,false,0,0,0,,,
4147,pg_toast_3079,99,12061,0,10,2,4147,0,0,0,0,0,true,false,p,t,3,0,false,false,false,false,false,true,n,false,0,480,1,,,
4148,pg_toast_3079_index,99,0,0,10,403,4148,0,1,0,0,0,false,false,p,i,2,0,false,false,false,false,false,true,n,false,0,0,0,,,
4149,pg_toast_2328,99,12062,0,10,2,4149,0,0,0,0,0,true,false,p,t,3,0,false,false,false,false,false,true,n,false,0,480,1,,,
4150,pg_toast_2328_index,99,0,0,10,403,4150,0,1,0,0,0,false,false,p,i,2,0,false,false,false,false,false,true,n,false,0,0,0,,,
4151,pg_toast_1417,99,12063,0,10,2,4151,0,0,0,0,0,true,false,p,t,3,0,false,false,false,false,false,true,n,false,0,480,1,,,
4152,pg_toast_1417_index,99,0,0,10,403,4152,0,1,0,0,0,false,false,p,i,2,0,false,false,false,false,false,true,n,false,0,0,0,,,
4153,pg_toast_3118,99,12064,0,10,2,4153,0,0,0,0,0,true,false,p,t,3,0,false,false,false,false,false,true,n,false,0,480,1,,,
4154,pg_toast_3118_index,99,0,0,10,403,4154,0,1,0,0,0,false,false,p,i,2,0,false,false,false,false,false,true,n,false,0,0,0,,,
4155,pg_toast_3394,99,12065,0,10,2,4155,0,0,0,0,0,true,false,p,t,3,0,false,false,false,false,false,true,n,false,0,480,1,,,
4156,pg_toast_3394_index,99,0,0,10,403,4156,0,1,0,0,0,false,false,p,i,2,0,false,false,false,false,false,true,n,false,0,0,0,,,
4157,pg_toast_2612,99,12066,0,10,2,4157,0,0,0,0,0,true,false,p,t,3,0,false,false,false,false,false,true,n,false,0,480,1,,,
4158,pg_toast_2612_index,99,0,0,10,403,4158,0,1,0,0,0,false,false,p,i,2,0,false,false,false,false,false,true,n,false,0,0,0,,,
4163,pg_toast_2615,99,12067,0,10,2,4163,0,0,0,0,0,true,false,p,t,3,0,false,false,false,false,false,true,n,false,0,480,1,,,
1417,pg_foreign_server,11,12038,0,10,2,1417,0,0,0,0,4151,true,false,p,r,8,0,false,false,false,false,false,true,n,false,0,480,1,"{postgres=arwdDxt/postgres,=r/postgres}",,
4164,pg_toast_2615_index,99,0,0,10,403,4164,0,1,0,0,0,false,false,p,i,2,0,false,false,false,false,false,true,n,false,0,0,0,,,
4165,pg_toast_3350,99,12068,0,10,2,4165,0,0,0,0,0,true,false,p,t,3,0,false,false,false,false,false,true,n,false,0,480,1,,,
4166,pg_toast_3350_index,99,0,0,10,403,4166,0,1,0,0,0,false,false,p,i,2,0,false,false,false,false,false,true,n,false,0,0,0,,,
4167,pg_toast_3256,99,12069,0,10,2,4167,0,0,0,0,0,true,false,p,t,3,0,false,false,false,false,false,true,n,false,0,480,1,,,
4168,pg_toast_3256_index,99,0,0,10,403,4168,0,1,0,0,0,false,false,p,i,2,0,false,false,false,false,false,true,n,false,0,0,0,,,
2836,pg_toast_1255,99,12070,0,10,2,0,0,0,0,0,0,true,false,p,t,3,0,false,false,false,false,false,true,n,false,0,480,1,,,
2837,pg_toast_1255_index,99,0,0,10,403,0,0,1,0,0,0,false,false,p,i,2,0,false,false,false,false,false,true,n,false,0,0,0,,,
2838,pg_toast_2618,99,12071,0,10,2,2838,0,57,249,57,0,true,false,p,t,3,0,false,false,false,false,false,true,n,false,0,480,1,,,
2839,pg_toast_2618_index,99,0,0,10,403,2839,0,2,249,0,0,false,false,p,i,2,0,false,false,false,false,false,true,n,false,0,0,0,,,
3598,pg_toast_3596,99,12072,0,10,2,3598,0,0,0,0,0,true,false,p,t,3,0,false,false,false,false,false,true,n,false,0,480,1,,,
3599,pg_toast_3596_index,99,0,0,10,403,3599,0,1,0,0,0,false,false,p,i,2,0,false,false,false,false,false,true,n,false,0,0,0,,,
2840,pg_toast_2619,99,12073,0,10,2,2840,0,3,13,3,0,true,false,p,t,3,0,false,false,false,false,false,true,n,false,0,480,1,,,
2841,pg_toast_2619_index,99,0,0,10,403,2841,0,2,13,0,0,false,false,p,i,2,0,false,false,false,false,false,true,n,false,0,0,0,,,
3439,pg_toast_3381,99,12074,0,10,2,3439,0,0,0,0,0,true,false,p,t,3,0,false,false,false,false,false,true,n,false,0,480,1,,,
3440,pg_toast_3381_index,99,0,0,10,403,3440,0,1,0,0,0,false,false,p,i,2,0,false,false,false,false,false,true,n,false,0,0,0,,,
3430,pg_toast_3429,99,12075,0,10,2,3430,0,0,0,0,0,true,false,p,t,3,0,false,false,false,false,false,true,n,false,0,480,1,,,
3431,pg_toast_3429_index,99,0,0,10,403,3431,0,1,0,0,0,false,false,p,i,2,0,false,false,false,false,false,true,n,false,0,0,0,,,
2336,pg_toast_2620,99,12076,0,10,2,2336,0,0,0,0,0,true,false,p,t,3,0,false,false,false,false,false,true,n,false,0,480,1,,,
2337,pg_toast_2620_index,99,0,0,10,403,2337,0,1,0,0,0,false,false,p,i,2,0,false,false,false,false,false,true,n,false,0,0,0,,,
4169,pg_toast_3600,99,12077,0,10,2,4169,0,0,0,0,0,true,false,p,t,3,0,false,false,false,false,false,true,n,false,0,480,1,,,
4170,pg_toast_3600_index,99,0,0,10,403,4170,0,1,0,0,0,false,false,p,i,2,0,false,false,false,false,false,true,n,false,0,0,0,,,
4171,pg_toast_1247,99,12078,0,10,2,0,0,0,0,0,0,true,false,p,t,3,0,false,false,false,false,false,true,n,false,0,480,1,,,
4172,pg_toast_1247_index,99,0,0,10,403,0,0,1,0,0,0,false,false,p,i,2,0,false,false,false,false,false,true,n,false,0,0,0,,,
4173,pg_toast_1418,99,12079,0,10,2,4173,0,0,0,0,0,true,false,p,t,3,0,false,false,false,false,false,true,n,false,0,480,1,,,
4174,pg_toast_1418_index,99,0,0,10,403,4174,0,1,0,0,0,false,false,p,i,2,0,false,false,false,false,false,true,n,false,0,0,0,,,
4175,pg_toast_1260,99,12080,0,10,2,0,1664,0,0,0,0,true,true,p,t,3,0,false,false,false,false,false,true,n,false,0,480,1,,,
4176,pg_toast_1260_index,99,0,0,10,403,0,1664,1,0,0,0,false,true,p,i,2,0,false,false,false,false,false,true,n,false,0,0,0,,,
4177,pg_toast_1262,99,12081,0,10,2,0,1664,0,0,0,0,true,true,p,t,3,0,false,false,false,false,false,true,n,false,0,480,1,,,
4178,pg_toast_1262_index,99,0,0,10,403,0,1664,1,0,0,0,false,true,p,i,2,0,false,false,false,false,false,true,n,false,0,0,0,,,
2966,pg_toast_2964,99,12082,0,10,2,0,1664,0,0,0,0,true,true,p,t,3,0,false,false,false,false,false,true,n,false,0,480,1,,,
2967,pg_toast_2964_index,99,0,0,10,403,0,1664,1,0,0,0,false,true,p,i,2,0,false,false,false,false,false,true,n,false,0,0,0,,,
4179,pg_toast_1136,99,12083,0,10,2,0,1664,0,0,0,0,true,true,p,t,3,0,false,false,false,false,false,true,n,false,0,480,1,,,
4180,pg_toast_1136_index,99,0,0,10,403,0,1664,1,0,0,0,false,true,p,i,2,0,false,false,false,false,false,true,n,false,0,0,0,,,
4181,pg_toast_6000,99,12084,0,10,2,0,1664,0,0,0,0,true,true,p,t,3,0,false,false,false,false,false,true,n,false,0,480,1,,,
4182,pg_toast_6000_index,99,0,0,10,403,0,1664,1,0,0,0,false,true,p,i,2,0,false,false,false,false,false,true,n,false,0,0,0,,,
2846,pg_toast_2396,99,12085,0,10,2,0,1664,0,0,0,0,true,true,p,t,3,0,false,false,false,false,false,true,n,false,0,480,1,,,
2847,pg_toast_2396_index,99,0,0,10,403,0,1664,1,0,0,0,false,true,p,i,2,0,false,false,false,false,false,true,n,false,0,0,0,,,
4060,pg_toast_3592,99,12086,0,10,2,0,1664,0,0,0,0,true,true,p,t,3,0,false,false,false,false,false,true,n,false,0,480,1,,,
4061,pg_toast_3592_index,99,0,0,10,403,0,1664,1,0,0,0,false,true,p,i,2,0,false,false,false,false,false,true,n,false,0,0,0,,,
4183,pg_toast_6100,99,12087,0,10,2,0,1664,0,0,0,0,true,true,p,t,3,0,false,false,false,false,false,true,n,false,0,480,1,,,
4184,pg_toast_6100_index,99,0,0,10,403,0,1664,1,0,0,0,false,true,p,i,2,0,false,false,false,false,false,true,n,false,0,0,0,,,
4185,pg_toast_1213,99,12088,0,10,2,0,1664,0,0,0,0,true,true,p,t,3,0,false,false,false,false,false,true,n,false,0,480,1,,,
4186,pg_toast_1213_index,99,0,0,10,403,0,1664,1,0,0,0,false,true,p,i,2,0,false,false,false,false,false,true,n,false,0,0,0,,,
2650,pg_aggregate_fnoid_index,11,0,0,10,403,2650,0,2,136,0,0,false,false,p,i,1,0,false,false,false,false,false,true,n,false,0,0,0,,,
2651,pg_am_name_index,11,0,0,10,403,2651,0,2,7,0,0,false,false,p,i,1,0,false,false,false,false,false,true,n,false,0,0,0,,,
2652,pg_am_oid_index,11,0,0,10,403,2652,0,2,7,0,0,false,false,p,i,1,0,false,false,false,false,false,true,n,false,0,0,0,,,
2653,pg_amop_fam_strat_index,11,0,0,10,403,2653,0,5,715,0,0,false,false,p,i,4,0,false,false,false,false,false,true,n,false,0,0,0,,,
2654,pg_amop_opr_fam_index,11,0,0,10,403,2654,0,5,715,0,0,false,false,p,i,3,0,false,false,false,false,false,true,n,false,0,0,0,,,
2756,pg_amop_oid_index,11,0,0,10,403,2756,0,4,715,0,0,false,false,p,i,1,0,false,false,false,false,false,true,n,false,0,0,0,,,
2655,pg_amproc_fam_proc_index,11,0,0,10,403,2655,0,4,447,0,0,false,false,p,i,4,0,false,false,false,false,false,true,n,false,0,0,0,,,
2757,pg_amproc_oid_index,11,0,0,10,403,2757,0,4,447,0,0,false,false,p,i,1,0,false,false,false,false,false,true,n,false,0,0,0,,,
2656,pg_attrdef_adrelid_adnum_index,11,0,0,10,403,2656,0,1,0,0,0,false,false,p,i,2,0,false,false,false,false,false,true,n,false,0,0,0,,,
2657,pg_attrdef_oid_index,11,0,0,10,403,2657,0,1,0,0,0,false,false,p,i,1,0,false,false,false,false,false,true,n,false,0,0,0,,,
2658,pg_attribute_relid_attnam_index,11,0,0,10,403,0,0,17,3285,0,0,false,false,p,i,2,0,false,false,false,false,false,true,n,false,0,0,0,,,
2659,pg_attribute_relid_attnum_index,11,0,0,10,403,0,0,11,3285,0,0,false,false,p,i,2,0,false,false,false,false,false,true,n,false,0,0,0,,,
2676,pg_authid_rolname_index,11,0,0,10,403,0,1664,2,9,0,0,false,true,p,i,1,0,false,false,false,false,false,true,n,false,0,0,0,,,
2677,pg_authid_oid_index,11,0,0,10,403,0,1664,2,9,0,0,false,true,p,i,1,0,false,false,false,false,false,true,n,false,0,0,0,,,
2694,pg_auth_members_role_member_index,11,0,0,10,403,0,1664,2,3,0,0,false,true,p,i,2,0,false,false,false,false,false,true,n,false,0,0,0,,,
2695,pg_auth_members_member_role_index,11,0,0,10,403,0,1664,2,3,0,0,false,true,p,i,2,0,false,false,false,false,false,true,n,false,0,0,0,,,
2660,pg_cast_oid_index,11,0,0,10,403,2660,0,2,216,0,0,false,false,p,i,1,0,false,false,false,false,false,true,n,false,0,0,0,,,
2661,pg_cast_source_target_index,11,0,0,10,403,2661,0,2,216,0,0,false,false,p,i,2,0,false,false,false,false,false,true,n,false,0,0,0,,,
2662,pg_class_oid_index,11,0,0,10,403,0,0,4,395,0,0,false,false,p,i,1,0,false,false,false,false,false,true,n,false,0,0,0,,,
2663,pg_class_relname_nsp_index,11,0,0,10,403,0,0,6,395,0,0,false,false,p,i,2,0,false,false,false,false,false,true,n,false,0,0,0,,,
3455,pg_class_tblspc_relfilenode_index,11,0,0,10,403,0,0,5,395,0,0,false,false,p,i,2,0,false,false,false,false,false,true,n,false,0,0,0,,,
3164,pg_collation_name_enc_nsp_index,11,0,0,10,403,3164,0,6,650,0,0,false,false,p,i,3,0,false,false,false,false,false,true,n,false,0,0,0,,,
3085,pg_collation_oid_index,11,0,0,10,403,3085,0,4,650,0,0,false,false,p,i,1,0,false,false,false,false,false,true,n,false,0,0,0,,,
2664,pg_constraint_conname_nsp_index,11,0,0,10,403,2664,0,2,2,0,0,false,false,p,i,2,0,false,false,false,false,false,true,n,false,0,0,0,,,
2665,pg_constraint_conrelid_contypid_conname_index,11,0,0,10,403,2665,0,2,2,0,0,false,false,p,i,3,0,false,false,false,false,false,true,n,false,0,0,0,,,
2666,pg_constraint_contypid_index,11,0,0,10,403,2666,0,2,2,0,0,false,false,p,i,1,0,false,false,false,false,false,true,n,false,0,0,0,,,
2667,pg_constraint_oid_index,11,0,0,10,403,2667,0,2,2,0,0,false,false,p,i,1,0,false,false,false,false,false,true,n,false,0,0,0,,,
2579,pg_constraint_conparentid_index,11,0,0,10,403,2579,0,2,2,0,0,false,false,p,i,1,0,false,false,false,false,false,true,n,false,0,0,0,,,
2668,pg_conversion_default_index,11,0,0,10,403,2668,0,2,132,0,0,false,false,p,i,4,0,false,false,false,false,false,true,n,false,0,0,0,,,
2669,pg_conversion_name_nsp_index,11,0,0,10,403,2669,0,2,132,0,0,false,false,p,i,2,0,false,false,false,false,false,true,n,false,0,0,0,,,
2670,pg_conversion_oid_index,11,0,0,10,403,2670,0,2,132,0,0,false,false,p,i,1,0,false,false,false,false,false,true,n,false,0,0,0,,,
2671,pg_database_datname_index,11,0,0,10,403,0,1664,2,2,0,0,false,true,p,i,1,0,false,false,false,false,false,true,n,false,0,0,0,,,
2672,pg_database_oid_index,11,0,0,10,403,0,1664,2,2,0,0,false,true,p,i,1,0,false,false,false,false,false,true,n,false,0,0,0,,,
2673,pg_depend_depender_index,11,0,0,10,403,2673,0,35,7601,0,0,false,false,p,i,3,0,false,false,false,false,false,true,n,false,0,0,0,,,
2674,pg_depend_reference_index,11,0,0,10,403,2674,0,43,7601,0,0,false,false,p,i,3,0,false,false,false,false,false,true,n,false,0,0,0,,,
2675,pg_description_o_c_o_index,11,0,0,10,403,2675,0,23,4639,0,0,false,false,p,i,3,0,false,false,false,false,false,true,n,false,0,0,0,,,
2397,pg_shdescription_o_c_index,11,0,0,10,403,0,1664,2,1,0,0,false,true,p,i,2,0,false,false,false,false,false,true,n,false,0,0,0,,,
3502,pg_enum_oid_index,11,0,0,10,403,3502,0,1,0,0,0,false,false,p,i,1,0,false,false,false,false,false,true,n,false,0,0,0,,,
3503,pg_enum_typid_label_index,11,0,0,10,403,3503,0,1,0,0,0,false,false,p,i,2,0,false,false,false,false,false,true,n,false,0,0,0,,,
3534,pg_enum_typid_sortorder_index,11,0,0,10,403,3534,0,1,0,0,0,false,false,p,i,2,0,false,false,false,false,false,true,n,false,0,0,0,,,
2678,pg_index_indrelid_index,11,0,0,10,403,2678,0,2,159,0,0,false,false,p,i,1,0,false,false,false,false,false,true,n,false,0,0,0,,,
2679,pg_index_indexrelid_index,11,0,0,10,403,2679,0,2,159,0,0,false,false,p,i,1,0,false,false,false,false,false,true,n,false,0,0,0,,,
2680,pg_inherits_relid_seqno_index,11,0,0,10,403,2680,0,1,0,0,0,false,false,p,i,2,0,false,false,false,false,false,true,n,false,0,0,0,,,
2187,pg_inherits_parent_index,11,0,0,10,403,2187,0,1,0,0,0,false,false,p,i,1,0,false,false,false,false,false,true,n,false,0,0,0,,,
3395,pg_init_privs_o_c_o_index,11,0,0,10,403,3395,0,2,171,0,0,false,false,p,i,3,0,false,false,false,false,false,true,n,false,0,0,0,,,
2681,pg_language_name_index,11,0,0,10,403,2681,0,2,4,0,0,false,false,p,i,1,0,false,false,false,false,false,true,n,false,0,0,0,,,
2682,pg_language_oid_index,11,0,0,10,403,2682,0,2,4,0,0,false,false,p,i,1,0,false,false,false,false,false,true,n,false,0,0,0,,,
2683,pg_largeobject_loid_pn_index,11,0,0,10,403,2683,0,1,0,0,0,false,false,p,i,2,0,false,false,false,false,false,true,n,false,0,0,0,,,
2996,pg_largeobject_metadata_oid_index,11,0,0,10,403,2996,0,1,0,0,0,false,false,p,i,1,0,false,false,false,false,false,true,n,false,0,0,0,,,
2684,pg_namespace_nspname_index,11,0,0,10,403,2684,0,2,6,0,0,false,false,p,i,1,0,false,false,false,false,false,true,n,false,0,0,0,,,
2685,pg_namespace_oid_index,11,0,0,10,403,2685,0,2,6,0,0,false,false,p,i,1,0,false,false,false,false,false,true,n,false,0,0,0,,,
2686,pg_opclass_am_name_nsp_index,11,0,0,10,403,2686,0,2,128,0,0,false,false,p,i,3,0,false,false,false,false,false,true,n,false,0,0,0,,,
2687,pg_opclass_oid_index,11,0,0,10,403,2687,0,2,128,0,0,false,false,p,i,1,0,false,false,false,false,false,true,n,false,0,0,0,,,
2688,pg_operator_oid_index,11,0,0,10,403,2688,0,5,770,0,0,false,false,p,i,1,0,false,false,false,false,false,true,n,false,0,0,0,,,
2689,pg_operator_oprname_l_r_n_index,11,0,0,10,403,2689,0,5,770,0,0,false,false,p,i,4,0,false,false,false,false,false,true,n,false,0,0,0,,,
2754,pg_opfamily_am_name_nsp_index,11,0,0,10,403,2754,0,2,107,0,0,false,false,p,i,3,0,false,false,false,false,false,true,n,false,0,0,0,,,
2755,pg_opfamily_oid_index,11,0,0,10,403,2755,0,2,107,0,0,false,false,p,i,1,0,false,false,false,false,false,true,n,false,0,0,0,,,
1137,pg_pltemplate_name_index,11,0,0,10,403,0,1664,2,8,0,0,false,true,p,i,1,0,false,false,false,false,false,true,n,false,0,0,0,,,
2690,pg_proc_oid_index,11,0,0,10,403,0,0,11,2960,0,0,false,false,p,i,1,0,false,false,false,false,false,true,n,false,0,0,0,,,
2691,pg_proc_proname_args_nsp_index,11,0,0,10,403,0,0,29,2960,0,0,false,false,p,i,3,0,false,false,false,false,false,true,n,false,0,0,0,,,
2692,pg_rewrite_oid_index,11,0,0,10,403,2692,0,2,126,0,0,false,false,p,i,1,0,false,false,false,false,false,true,n,false,0,0,0,,,
2693,pg_rewrite_rel_rulename_index,11,0,0,10,403,2693,0,2,126,0,0,false,false,p,i,2,0,false,false,false,false,false,true,n,false,0,0,0,,,
5002,pg_sequence_seqrelid_index,11,0,0,10,403,5002,0,1,0,0,0,false,false,p,i,1,0,false,false,false,false,false,true,n,false,0,0,0,,,
1232,pg_shdepend_depender_index,11,0,0,10,403,0,1664,2,9,0,0,false,true,p,i,4,0,false,false,false,false,false,true,n,false,0,0,0,,,
1233,pg_shdepend_reference_index,11,0,0,10,403,0,1664,2,9,0,0,false,true,p,i,2,0,false,false,false,false,false,true,n,false,0,0,0,,,
2696,pg_statistic_relid_att_inh_index,11,0,0,10,403,2696,0,4,422,0,0,false,false,p,i,3,0,false,false,false,false,false,true,n,false,0,0,0,,,
3380,pg_statistic_ext_oid_index,11,0,0,10,403,3380,0,1,0,0,0,false,false,p,i,1,0,false,false,false,false,false,true,n,false,0,0,0,,,
3997,pg_statistic_ext_name_index,11,0,0,10,403,3997,0,1,0,0,0,false,false,p,i,2,0,false,false,false,false,false,true,n,false,0,0,0,,,
3379,pg_statistic_ext_relid_index,11,0,0,10,403,3379,0,1,0,0,0,false,false,p,i,1,0,false,false,false,false,false,true,n,false,0,0,0,,,
3433,pg_statistic_ext_data_stxoid_index,11,0,0,10,403,3433,0,1,0,0,0,false,false,p,i,1,0,false,false,false,false,false,true,n,false,0,0,0,,,
2697,pg_tablespace_oid_index,11,0,0,10,403,0,1664,2,2,0,0,false,true,p,i,1,0,false,false,false,false,false,true,n,false,0,0,0,,,
2698,pg_tablespace_spcname_index,11,0,0,10,403,0,1664,2,2,0,0,false,true,p,i,1,0,false,false,false,false,false,true,n,false,0,0,0,,,
3574,pg_transform_oid_index,11,0,0,10,403,3574,0,1,0,0,0,false,false,p,i,1,0,false,false,false,false,false,true,n,false,0,0,0,,,
3575,pg_transform_type_lang_index,11,0,0,10,403,3575,0,1,0,0,0,false,false,p,i,2,0,false,false,false,false,false,true,n,false,0,0,0,,,
2699,pg_trigger_tgconstraint_index,11,0,0,10,403,2699,0,2,56,0,0,false,false,p,i,1,0,false,false,false,false,false,true,n,false,0,0,0,,,
2701,pg_trigger_tgrelid_tgname_index,11,0,0,10,403,2701,0,2,56,0,0,false,false,p,i,2,0,false,false,false,false,false,true,n,false,0,0,0,,,
2702,pg_trigger_oid_index,11,0,0,10,403,2702,0,2,56,0,0,false,false,p,i,1,0,false,false,false,false,false,true,n,false,0,0,0,,,
3467,pg_event_trigger_evtname_index,11,0,0,10,403,3467,0,1,0,0,0,false,false,p,i,1,0,false,false,false,false,false,true,n,false,0,0,0,,,
3468,pg_event_trigger_oid_index,11,0,0,10,403,3468,0,1,0,0,0,false,false,p,i,1,0,false,false,false,false,false,true,n,false,0,0,0,,,
3608,pg_ts_config_cfgname_index,11,0,0,10,403,3608,0,2,22,0,0,false,false,p,i,2,0,false,false,false,false,false,true,n,false,0,0,0,,,
3712,pg_ts_config_oid_index,11,0,0,10,403,3712,0,2,22,0,0,false,false,p,i,1,0,false,false,false,false,false,true,n,false,0,0,0,,,
3609,pg_ts_config_map_index,11,0,0,10,403,3609,0,4,418,0,0,false,false,p,i,3,0,false,false,false,false,false,true,n,false,0,0,0,,,
3604,pg_ts_dict_dictname_index,11,0,0,10,403,3604,0,2,22,0,0,false,false,p,i,2,0,false,false,false,false,false,true,n,false,0,0,0,,,
3605,pg_ts_dict_oid_index,11,0,0,10,403,3605,0,2,22,0,0,false,false,p,i,1,0,false,false,false,false,false,true,n,false,0,0,0,,,
3606,pg_ts_parser_prsname_index,11,0,0,10,403,3606,0,2,1,0,0,false,false,p,i,2,0,false,false,false,false,false,true,n,false,0,0,0,,,
3607,pg_ts_parser_oid_index,11,0,0,10,403,3607,0,2,1,0,0,false,false,p,i,1,0,false,false,false,false,false,true,n,false,0,0,0,,,
3766,pg_ts_template_tmplname_index,11,0,0,10,403,3766,0,2,5,0,0,false,false,p,i,2,0,false,false,false,false,false,true,n,false,0,0,0,,,
3767,pg_ts_template_oid_index,11,0,0,10,403,3767,0,2,5,0,0,false,false,p,i,1,0,false,false,false,false,false,true,n,false,0,0,0,,,
2703,pg_type_oid_index,11,0,0,10,403,0,0,4,406,0,0,false,false,p,i,1,0,false,false,false,false,false,true,n,false,0,0,0,,,
2704,pg_type_typname_nsp_index,11,0,0,10,403,0,0,5,406,0,0,false,false,p,i,2,0,false,false,false,false,false,true,n,false,0,0,0,,,
112,pg_foreign_data_wrapper_oid_index,11,0,0,10,403,112,0,1,0,0,0,false,false,p,i,1,0,false,false,false,false,false,true,n,false,0,0,0,,,
548,pg_foreign_data_wrapper_name_index,11,0,0,10,403,548,0,1,0,0,0,false,false,p,i,1,0,false,false,false,false,false,true,n,false,0,0,0,,,
113,pg_foreign_server_oid_index,11,0,0,10,403,113,0,1,0,0,0,false,false,p,i,1,0,false,false,false,false,false,true,n,false,0,0,0,,,
549,pg_foreign_server_name_index,11,0,0,10,403,549,0,1,0,0,0,false,false,p,i,1,0,false,false,false,false,false,true,n,false,0,0,0,,,
174,pg_user_mapping_oid_index,11,0,0,10,403,174,0,1,0,0,0,false,false,p,i,1,0,false,false,false,false,false,true,n,false,0,0,0,,,
175,pg_user_mapping_user_server_index,11,0,0,10,403,175,0,1,0,0,0,false,false,p,i,2,0,false,false,false,false,false,true,n,false,0,0,0,,,
3119,pg_foreign_table_relid_index,11,0,0,10,403,3119,0,1,0,0,0,false,false,p,i,1,0,false,false,false,false,false,true,n,false,0,0,0,,,
827,pg_default_acl_role_nsp_obj_index,11,0,0,10,403,827,0,1,0,0,0,false,false,p,i,3,0,false,false,false,false,false,true,n,false,0,0,0,,,
828,pg_default_acl_oid_index,11,0,0,10,403,828,0,1,0,0,0,false,false,p,i,1,0,false,false,false,false,false,true,n,false,0,0,0,,,
2965,pg_db_role_setting_databaseid_rol_index,11,0,0,10,403,0,1664,1,0,0,0,false,true,p,i,2,0,false,false,false,false,false,true,n,false,0,0,0,,,
3597,pg_seclabel_object_index,11,0,0,10,403,3597,0,1,0,0,0,false,false,p,i,4,0,false,false,false,false,false,true,n,false,0,0,0,,,
3593,pg_shseclabel_object_index,11,0,0,10,403,0,1664,1,0,0,0,false,true,p,i,3,0,false,false,false,false,false,true,n,false,0,0,0,,,
3080,pg_extension_oid_index,11,0,0,10,403,3080,0,2,1,0,0,false,false,p,i,1,0,false,false,false,false,false,true,n,false,0,0,0,,,
3081,pg_extension_name_index,11,0,0,10,403,3081,0,2,1,0,0,false,false,p,i,1,0,false,false,false,false,false,true,n,false,0,0,0,,,
3542,pg_range_rngtypid_index,11,0,0,10,403,3542,0,2,6,0,0,false,false,p,i,1,0,false,false,false,false,false,true,n,false,0,0,0,,,
3257,pg_policy_oid_index,11,0,0,10,403,3257,0,1,0,0,0,false,false,p,i,1,0,false,false,false,false,false,true,n,false,0,0,0,,,
3258,pg_policy_polrelid_polname_index,11,0,0,10,403,3258,0,1,0,0,0,false,false,p,i,2,0,false,false,false,false,false,true,n,false,0,0,0,,,
6001,pg_replication_origin_roiident_index,11,0,0,10,403,0,1664,1,0,0,0,false,true,p,i,1,0,false,false,false,false,false,true,n,false,0,0,0,,,
6002,pg_replication_origin_roname_index,11,0,0,10,403,0,1664,1,0,0,0,false,true,p,i,1,0,false,false,false,false,false,true,n,false,0,0,0,,,
3351,pg_partitioned_table_partrelid_index,11,0,0,10,403,3351,0,1,0,0,0,false,false,p,i,1,0,false,false,false,false,false,true,n,false,0,0,0,,,
6110,pg_publication_oid_index,11,0,0,10,403,6110,0,1,0,0,0,false,false,p,i,1,0,false,false,false,false,false,true,n,false,0,0,0,,,
6111,pg_publication_pubname_index,11,0,0,10,403,6111,0,1,0,0,0,false,false,p,i,1,0,false,false,false,false,false,true,n,false,0,0,0,,,
6112,pg_publication_rel_oid_index,11,0,0,10,403,6112,0,1,0,0,0,false,false,p,i,1,0,false,false,false,false,false,true,n,false,0,0,0,,,
6113,pg_publication_rel_prrelid_prpubid_index,11,0,0,10,403,6113,0,1,0,0,0,false,false,p,i,2,0,false,false,false,false,false,true,n,false,0,0,0,,,
6114,pg_subscription_oid_index,11,0,0,10,403,0,1664,1,0,0,0,false,true,p,i,1,0,false,false,false,false,false,true,n,false,0,0,0,,,
6115,pg_subscription_subname_index,11,0,0,10,403,0,1664,1,0,0,0,false,true,p,i,2,0,false,false,false,false,false,true,n,false,0,0,0,,,
6117,pg_subscription_rel_srrelid_srsubid_index,11,0,0,10,403,6117,0,1,0,0,0,false,false,p,i,2,0,false,false,false,false,false,true,n,false,0,0,0,,,
1260,pg_authid,11,2842,0,10,2,0,1664,1,9,1,4175,true,true,p,r,12,0,false,false,false,false,false,true,n,false,0,480,1,{postgres=arwdDxt/postgres},,
35447,Drugs_Id_seq,35308,35448,0,10,0,35447,0,1,1,0,0,false,false,p,S,3,0,false,false,false,false,false,true,n,false,0,0,0,,,
12093,pg_shadow,11,12094,0,10,0,0,0,0,0,0,0,false,false,p,v,9,0,true,false,false,false,false,true,n,false,0,0,0,{postgres=arwdDxt/postgres},,
35452,PK_Drugs,35308,0,0,10,403,35452,0,1,0,0,0,false,false,p,i,1,0,false,false,false,false,false,true,n,false,0,0,0,,,
35449,Drugs,35308,35451,0,10,2,35449,0,0,0,0,0,true,false,p,r,7,0,false,true,false,false,false,true,d,false,0,864,1,,,
35348,Vendors,35307,35350,0,10,2,35348,0,0,0,0,35351,true,false,p,r,5,0,false,true,false,false,false,true,d,false,0,864,1,,,
35469,Sales_Id_seq,35308,35470,0,10,0,35469,0,1,1,0,0,false,false,p,S,3,0,false,false,false,false,false,true,n,false,0,0,0,,,
35474,PK_Sales,35308,0,0,10,403,35474,0,1,0,0,0,false,false,p,i,1,0,false,false,false,false,false,true,n,false,0,0,0,,,
35471,Sales,35308,35473,0,10,2,35471,0,0,0,0,0,true,false,p,r,8,0,false,true,false,false,false,true,d,false,0,864,1,,,
35486,IX_ApiMethodRoles_ApiMethodId,35306,0,0,10,403,35486,0,2,3,0,0,false,false,p,i,1,0,false,false,false,false,false,true,n,false,0,0,0,,,
35487,IX_ApiMethodRoles_RoleId,35306,0,0,10,403,35487,0,2,3,0,0,false,false,p,i,1,0,false,false,false,false,false,true,n,false,0,0,0,,,
35488,IX_ApiMethods_ApiMethodName,35306,0,0,10,403,35488,0,2,58,0,0,false,false,p,i,1,0,false,false,false,false,false,true,n,false,0,0,0,,,
35489,IX_CodeAthTypes_CodeAthId,35307,0,0,10,403,35489,0,1,0,0,0,false,false,p,i,1,0,false,false,false,false,false,true,n,false,0,0,0,,,
35490,IX_Pharmacies_PharmacyId,35307,0,0,10,403,35490,0,1,0,0,0,false,false,p,i,1,0,false,false,false,false,false,true,n,false,0,0,0,,,
35491,IX_Pharmacies_RegionId,35307,0,0,10,403,35491,0,1,0,0,0,false,false,p,i,1,0,false,false,false,false,false,true,n,false,0,0,0,,,
3429,pg_statistic_ext_data,11,12015,0,10,2,3429,0,0,0,0,3430,true,false,p,r,4,0,false,false,false,false,false,true,n,false,0,480,1,{postgres=arwdDxt/postgres},,
12089,pg_roles,11,12090,0,10,0,0,0,0,0,0,0,false,false,p,v,13,0,true,false,false,false,false,true,n,false,0,0,0,"{postgres=arwdDxt/postgres,=r/postgres}",,
35492,IX_Regions_RegionId,35307,0,0,10,403,35492,0,2,14,0,0,false,false,p,i,1,0,false,false,false,false,false,true,n,false,0,0,0,,,
35493,IX_Regions_RegionTypeId,35307,0,0,10,403,35493,0,2,14,0,0,false,false,p,i,1,0,false,false,false,false,false,true,n,false,0,0,0,,,
35494,IX_Users_RoleId,35307,0,0,10,403,35494,0,1,0,0,0,false,false,p,i,1,0,false,false,false,false,false,true,n,false,0,0,0,,,
35495,IX_Drugs_CodeAthTypeId,35308,0,0,10,403,35495,0,1,0,0,0,false,false,p,i,1,0,false,false,false,false,false,true,n,false,0,0,0,,,
35496,IX_Drugs_StockId,35308,0,0,10,403,35496,0,1,0,0,0,false,false,p,i,1,0,false,false,false,false,false,true,n,false,0,0,0,,,
35497,IX_Drugs_VendorId,35308,0,0,10,403,35497,0,1,0,0,0,false,false,p,i,1,0,false,false,false,false,false,true,n,false,0,0,0,,,
35498,IX_Sales_DrugId,35308,0,0,10,403,35498,0,1,0,0,0,false,false,p,i,1,0,false,false,false,false,false,true,n,false,0,0,0,,,
35499,IX_Sales_PharmacyId,35308,0,0,10,403,35499,0,1,0,0,0,false,false,p,i,1,0,false,false,false,false,false,true,n,false,0,0,0,,,
35500,IX_Stocks_PharmacyId,35308,0,0,10,403,35500,0,1,0,0,0,false,false,p,i,1,0,false,false,false,false,false,true,n,false,0,0,0,,,
12166,pg_settings,11,12167,0,10,0,0,0,0,0,0,0,false,false,p,v,17,0,true,false,false,false,false,true,n,false,0,0,0,"{postgres=arwdDxt/postgres,=rw/postgres}",,
12171,pg_file_settings,11,12172,0,10,0,0,0,0,0,0,0,false,false,p,v,7,0,true,false,false,false,false,true,n,false,0,0,0,{postgres=arwdDxt/postgres},,
12174,pg_hba_file_rules,11,12175,0,10,0,0,0,0,0,0,0,false,false,p,v,9,0,true,false,false,false,false,true,n,false,0,0,0,{postgres=arwdDxt/postgres},,
12183,pg_config,11,12184,0,10,0,0,0,0,0,0,0,false,false,p,v,2,0,true,false,false,false,false,true,n,false,0,0,0,{postgres=arwdDxt/postgres},,
12146,pg_cursors,11,12147,0,10,0,0,0,0,0,0,0,false,false,p,v,6,0,true,false,false,false,false,true,n,false,0,0,0,"{postgres=arwdDxt/postgres,=r/postgres}",,
1418,pg_user_mapping,11,12039,0,10,2,1418,0,0,0,0,4173,true,false,p,r,4,0,false,false,false,false,false,true,n,false,0,480,1,{postgres=arwdDxt/postgres},,
12290,pg_stat_bgwriter,11,12291,0,10,0,0,0,0,0,0,0,false,false,p,v,11,0,true,false,false,false,false,true,n,false,0,0,0,"{postgres=arwdDxt/postgres,=r/postgres}",,
12309,pg_replication_origin_status,11,12310,0,10,0,0,0,0,0,0,0,false,false,p,v,4,0,true,false,false,false,false,true,n,false,0,0,0,{postgres=arwdDxt/postgres},,
6100,pg_subscription,11,6101,0,10,2,0,1664,0,0,0,4183,true,true,p,r,9,0,false,false,false,false,false,true,n,false,0,480,1,{postgres=arwdDxt/postgres},,
12293,pg_stat_progress_vacuum,11,12294,0,10,0,0,0,0,0,0,0,false,false,p,v,11,0,true,false,false,false,false,true,n,false,0,0,0,"{postgres=arwdDxt/postgres,=r/postgres}",,
12297,pg_stat_progress_cluster,11,12298,0,10,0,0,0,0,0,0,0,false,false,p,v,12,0,true,false,false,false,false,true,n,false,0,0,0,"{postgres=arwdDxt/postgres,=r/postgres}",,
1249,pg_attribute,11,75,0,10,2,0,0,60,3285,50,0,true,false,p,r,25,0,false,false,false,false,false,true,n,false,0,480,1,"{postgres=arwdDxt/postgres,=r/postgres}",,
1255,pg_proc,11,81,0,10,2,0,0,79,2960,79,2836,true,false,p,r,29,0,false,false,false,false,false,true,n,false,0,480,1,"{postgres=arwdDxt/postgres,=r/postgres}",,
1259,pg_class,11,83,0,10,2,0,0,13,395,13,0,true,false,p,r,33,0,false,false,false,false,false,true,n,false,0,480,1,"{postgres=arwdDxt/postgres,=r/postgres}",,
2604,pg_attrdef,11,12000,0,10,2,2604,0,0,0,0,2830,true,false,p,r,4,0,false,false,false,false,false,true,n,false,0,480,1,"{postgres=arwdDxt/postgres,=r/postgres}",,
2606,pg_constraint,11,12001,0,10,2,2606,0,1,2,1,2832,true,false,p,r,25,0,false,false,false,false,false,true,n,false,0,480,1,"{postgres=arwdDxt/postgres,=r/postgres}",,
2611,pg_inherits,11,12002,0,10,2,2611,0,0,0,0,0,true,false,p,r,3,0,false,false,false,false,false,true,n,false,0,480,1,"{postgres=arwdDxt/postgres,=r/postgres}",,
2610,pg_index,11,12003,0,10,2,2610,0,4,159,4,0,true,false,p,r,20,0,false,false,false,false,false,true,n,false,0,480,1,"{postgres=arwdDxt/postgres,=r/postgres}",,
2617,pg_operator,11,12004,0,10,2,2617,0,14,770,14,0,true,false,p,r,15,0,false,false,false,false,false,true,n,false,0,480,1,"{postgres=arwdDxt/postgres,=r/postgres}",,
2753,pg_opfamily,11,12005,0,10,2,2753,0,2,107,2,0,true,false,p,r,5,0,false,false,false,false,false,true,n,false,0,480,1,"{postgres=arwdDxt/postgres,=r/postgres}",,
2616,pg_opclass,11,12006,0,10,2,2616,0,2,128,2,0,true,false,p,r,9,0,false,false,false,false,false,true,n,false,0,480,1,"{postgres=arwdDxt/postgres,=r/postgres}",,
2601,pg_am,11,12007,0,10,2,2601,0,1,7,1,0,true,false,p,r,4,0,false,false,false,false,false,true,n,false,0,480,1,"{postgres=arwdDxt/postgres,=r/postgres}",,
2602,pg_amop,11,12008,0,10,2,2602,0,6,715,6,0,true,false,p,r,9,0,false,false,false,false,false,true,n,false,0,480,1,"{postgres=arwdDxt/postgres,=r/postgres}",,
2603,pg_amproc,11,12009,0,10,2,2603,0,3,447,3,0,true,false,p,r,6,0,false,false,false,false,false,true,n,false,0,480,1,"{postgres=arwdDxt/postgres,=r/postgres}",,
2612,pg_language,11,12010,0,10,2,2612,0,1,4,1,4157,true,false,p,r,9,0,false,false,false,false,false,true,n,false,0,480,1,"{postgres=arwdDxt/postgres,=r/postgres}",,
2995,pg_largeobject_metadata,11,12011,0,10,2,2995,0,0,0,0,0,true,false,p,r,3,0,false,false,false,false,false,true,n,false,0,480,1,"{postgres=arwdDxt/postgres,=r/postgres}",,
2600,pg_aggregate,11,12013,0,10,2,2600,0,2,136,2,4159,true,false,p,r,22,0,false,false,false,false,false,true,n,false,0,480,1,"{postgres=arwdDxt/postgres,=r/postgres}",,
12301,pg_stat_progress_create_index,11,12302,0,10,0,0,0,0,0,0,0,false,false,p,v,16,0,true,false,false,false,false,true,n,false,0,0,0,"{postgres=arwdDxt/postgres,=r/postgres}",,
12305,pg_user_mappings,11,12306,0,10,0,0,0,0,0,0,0,false,false,p,v,6,0,true,false,false,false,false,true,n,false,0,0,0,"{postgres=arwdDxt/postgres,=r/postgres}",,
2613,pg_largeobject,11,12012,0,10,2,2613,0,0,0,0,0,true,false,p,r,3,0,false,false,false,false,false,true,n,false,0,480,1,{postgres=arwdDxt/postgres},,
3381,pg_statistic_ext,11,12014,0,10,2,3381,0,0,0,0,3439,true,false,p,r,7,0,false,false,false,false,false,true,n,false,0,480,1,"{postgres=arwdDxt/postgres,=r/postgres}",,
2618,pg_rewrite,11,12017,0,10,2,2618,0,12,126,12,2838,true,false,p,r,8,0,false,false,false,false,false,true,n,false,0,480,1,"{postgres=arwdDxt/postgres,=r/postgres}",,
2620,pg_trigger,11,12018,0,10,2,2620,0,2,56,0,2336,true,false,p,r,18,0,false,false,false,false,false,true,n,false,0,480,1,"{postgres=arwdDxt/postgres,=r/postgres}",,
3466,pg_event_trigger,11,12019,0,10,2,3466,0,0,0,0,4145,true,false,p,r,7,0,false,false,false,false,false,true,n,false,0,480,1,"{postgres=arwdDxt/postgres,=r/postgres}",,
2609,pg_description,11,12020,0,10,2,2609,0,40,4639,40,2834,true,false,p,r,4,0,false,false,false,false,false,true,n,false,0,480,1,"{postgres=arwdDxt/postgres,=r/postgres}",,
2605,pg_cast,11,12021,0,10,2,2605,0,2,216,2,0,true,false,p,r,6,0,false,false,false,false,false,true,n,false,0,480,1,"{postgres=arwdDxt/postgres,=r/postgres}",,
3501,pg_enum,11,12022,0,10,2,3501,0,0,0,0,0,true,false,p,r,4,0,false,false,false,false,false,true,n,false,0,480,1,"{postgres=arwdDxt/postgres,=r/postgres}",,
2615,pg_namespace,11,12023,0,10,2,2615,0,1,6,1,4163,true,false,p,r,4,0,false,false,false,false,false,true,n,false,0,480,1,"{postgres=arwdDxt/postgres,=r/postgres}",,
2607,pg_conversion,11,12024,0,10,2,2607,0,3,132,3,0,true,false,p,r,8,0,false,false,false,false,false,true,n,false,0,480,1,"{postgres=arwdDxt/postgres,=r/postgres}",,
2608,pg_depend,11,12025,0,10,2,2608,0,56,7601,56,0,true,false,p,r,7,0,false,false,false,false,false,true,n,false,0,480,1,"{postgres=arwdDxt/postgres,=r/postgres}",,
1262,pg_database,11,1248,0,10,2,0,1664,1,2,1,4177,true,true,p,r,14,0,false,false,false,false,false,true,n,false,0,480,1,"{postgres=arwdDxt/postgres,=r/postgres}",,
2964,pg_db_role_setting,11,12026,0,10,2,0,1664,0,0,0,2966,true,true,p,r,3,0,false,false,false,false,false,true,n,false,0,480,1,"{postgres=arwdDxt/postgres,=r/postgres}",,
1213,pg_tablespace,11,12027,0,10,2,0,1664,1,2,1,4185,true,true,p,r,5,0,false,false,false,false,false,true,n,false,0,480,1,"{postgres=arwdDxt/postgres,=r/postgres}",,
1136,pg_pltemplate,11,12028,0,10,2,0,1664,1,8,1,4179,true,true,p,r,8,0,false,false,false,false,false,true,n,false,0,480,1,"{postgres=arwdDxt/postgres,=r/postgres}",,
1261,pg_auth_members,11,2843,0,10,2,0,1664,1,3,1,0,true,true,p,r,4,0,false,false,false,false,false,true,n,false,0,480,1,"{postgres=arwdDxt/postgres,=r/postgres}",,
1214,pg_shdepend,11,12029,0,10,2,0,1664,1,9,1,0,true,true,p,r,7,0,false,false,false,false,false,true,n,false,0,480,1,"{postgres=arwdDxt/postgres,=r/postgres}",,
2396,pg_shdescription,11,12030,0,10,2,0,1664,1,1,1,2846,true,true,p,r,3,0,false,false,false,false,false,true,n,false,0,480,1,"{postgres=arwdDxt/postgres,=r/postgres}",,
3602,pg_ts_config,11,12031,0,10,2,3602,0,1,22,1,0,true,false,p,r,5,0,false,false,false,false,false,true,n,false,0,480,1,"{postgres=arwdDxt/postgres,=r/postgres}",,
3603,pg_ts_config_map,11,12032,0,10,2,3603,0,3,418,3,0,true,false,p,r,4,0,false,false,false,false,false,true,n,false,0,480,1,"{postgres=arwdDxt/postgres,=r/postgres}",,
3600,pg_ts_dict,11,12033,0,10,2,3600,0,1,22,1,4169,true,false,p,r,6,0,false,false,false,false,false,true,n,false,0,480,1,"{postgres=arwdDxt/postgres,=r/postgres}",,
3601,pg_ts_parser,11,12034,0,10,2,3601,0,1,1,1,0,true,false,p,r,8,0,false,false,false,false,false,true,n,false,0,480,1,"{postgres=arwdDxt/postgres,=r/postgres}",,
3764,pg_ts_template,11,12035,0,10,2,3764,0,1,5,1,0,true,false,p,r,5,0,false,false,false,false,false,true,n,false,0,480,1,"{postgres=arwdDxt/postgres,=r/postgres}",,
3079,pg_extension,11,12036,0,10,2,3079,0,1,1,1,4147,true,false,p,r,8,0,false,false,false,false,false,true,n,false,0,480,1,"{postgres=arwdDxt/postgres,=r/postgres}",,
2328,pg_foreign_data_wrapper,11,12037,0,10,2,2328,0,0,0,0,4149,true,false,p,r,7,0,false,false,false,false,false,true,n,false,0,480,1,"{postgres=arwdDxt/postgres,=r/postgres}",,
3118,pg_foreign_table,11,12040,0,10,2,3118,0,0,0,0,4153,true,false,p,r,3,0,false,false,false,false,false,true,n,false,0,480,1,"{postgres=arwdDxt/postgres,=r/postgres}",,
3256,pg_policy,11,12041,0,10,2,3256,0,0,0,0,4167,true,false,p,r,8,0,false,false,false,false,false,true,n,false,0,480,1,"{postgres=arwdDxt/postgres,=r/postgres}",,
6000,pg_replication_origin,11,12042,0,10,2,0,1664,0,0,0,4181,true,true,p,r,2,0,false,false,false,false,false,true,n,false,0,480,1,"{postgres=arwdDxt/postgres,=r/postgres}",,
826,pg_default_acl,11,12043,0,10,2,826,0,0,0,0,4143,true,false,p,r,5,0,false,false,false,false,false,true,n,false,0,480,1,"{postgres=arwdDxt/postgres,=r/postgres}",,
3394,pg_init_privs,11,12044,0,10,2,3394,0,2,171,2,4155,true,false,p,r,5,0,false,false,false,false,false,true,n,false,0,480,1,"{postgres=arwdDxt/postgres,=r/postgres}",,
3596,pg_seclabel,11,12045,0,10,2,3596,0,0,0,0,3598,true,false,p,r,5,0,false,false,false,false,false,true,n,false,0,480,1,"{postgres=arwdDxt/postgres,=r/postgres}",,
3592,pg_shseclabel,11,4066,0,10,2,0,1664,0,0,0,4060,true,true,p,r,4,0,false,false,false,false,false,true,n,false,0,480,1,"{postgres=arwdDxt/postgres,=r/postgres}",,
3456,pg_collation,11,12046,0,10,2,3456,0,21,650,21,4161,true,false,p,r,10,0,false,false,false,false,false,true,n,false,0,480,1,"{postgres=arwdDxt/postgres,=r/postgres}",,
3350,pg_partitioned_table,11,12047,0,10,2,3350,0,0,0,0,4165,true,false,p,r,8,0,false,false,false,false,false,true,n,false,0,480,1,"{postgres=arwdDxt/postgres,=r/postgres}",,
3541,pg_range,11,12048,0,10,2,3541,0,1,6,1,0,true,false,p,r,6,0,false,false,false,false,false,true,n,false,0,480,1,"{postgres=arwdDxt/postgres,=r/postgres}",,
3576,pg_transform,11,12049,0,10,2,3576,0,0,0,0,0,true,false,p,r,5,0,false,false,false,false,false,true,n,false,0,480,1,"{postgres=arwdDxt/postgres,=r/postgres}",,
2224,pg_sequence,11,12050,0,10,2,2224,0,0,0,0,0,true,false,p,r,8,0,false,false,false,false,false,true,n,false,0,480,1,"{postgres=arwdDxt/postgres,=r/postgres}",,
6104,pg_publication,11,12051,0,10,2,6104,0,0,0,0,0,true,false,p,r,8,0,false,false,false,false,false,true,n,false,0,480,1,"{postgres=arwdDxt/postgres,=r/postgres}",,
6106,pg_publication_rel,11,12052,0,10,2,6106,0,0,0,0,0,true,false,p,r,3,0,false,false,false,false,false,true,n,false,0,480,1,"{postgres=arwdDxt/postgres,=r/postgres}",,
6102,pg_subscription_rel,11,12053,0,10,2,6102,0,0,0,0,0,true,false,p,r,4,0,false,false,false,false,false,true,n,false,0,480,1,"{postgres=arwdDxt/postgres,=r/postgres}",,
12097,pg_group,11,12098,0,10,0,0,0,0,0,0,0,false,false,p,v,3,0,true,false,false,false,false,true,n,false,0,0,0,"{postgres=arwdDxt/postgres,=r/postgres}",,
12100,pg_user,11,12101,0,10,0,0,0,0,0,0,0,false,false,p,v,9,0,true,false,false,false,false,true,n,false,0,0,0,"{postgres=arwdDxt/postgres,=r/postgres}",,
12103,pg_policies,11,12104,0,10,0,0,0,0,0,0,0,false,false,p,v,8,0,true,false,false,false,false,true,n,false,0,0,0,"{postgres=arwdDxt/postgres,=r/postgres}",,
12107,pg_rules,11,12108,0,10,0,0,0,0,0,0,0,false,false,p,v,4,0,true,false,false,false,false,true,n,false,0,0,0,"{postgres=arwdDxt/postgres,=r/postgres}",,
12111,pg_views,11,12112,0,10,0,0,0,0,0,0,0,false,false,p,v,4,0,true,false,false,false,false,true,n,false,0,0,0,"{postgres=arwdDxt/postgres,=r/postgres}",,
12115,pg_tables,11,12116,0,10,0,0,0,0,0,0,0,false,false,p,v,8,0,true,false,false,false,false,true,n,false,0,0,0,"{postgres=arwdDxt/postgres,=r/postgres}",,
12119,pg_matviews,11,12120,0,10,0,0,0,0,0,0,0,false,false,p,v,7,0,true,false,false,false,false,true,n,false,0,0,0,"{postgres=arwdDxt/postgres,=r/postgres}",,
12123,pg_indexes,11,12124,0,10,0,0,0,0,0,0,0,false,false,p,v,5,0,true,false,false,false,false,true,n,false,0,0,0,"{postgres=arwdDxt/postgres,=r/postgres}",,
12127,pg_sequences,11,12128,0,10,0,0,0,0,0,0,0,false,false,p,v,11,0,true,false,false,false,false,true,n,false,0,0,0,"{postgres=arwdDxt/postgres,=r/postgres}",,
12131,pg_stats,11,12132,0,10,0,0,0,0,0,0,0,false,false,p,v,14,0,true,false,false,false,false,true,n,false,0,0,0,"{postgres=arwdDxt/postgres,=r/postgres}",{security_barrier=true},
12135,pg_stats_ext,11,12136,0,10,0,0,0,0,0,0,0,false,false,p,v,13,0,true,false,false,false,false,true,n,false,0,0,0,"{postgres=arwdDxt/postgres,=r/postgres}",{security_barrier=true},
12139,pg_publication_tables,11,12140,0,10,0,0,0,0,0,0,0,false,false,p,v,3,0,true,false,false,false,false,true,n,false,0,0,0,"{postgres=arwdDxt/postgres,=r/postgres}",,
12143,pg_locks,11,12144,0,10,0,0,0,0,0,0,0,false,false,p,v,15,0,true,false,false,false,false,true,n,false,0,0,0,"{postgres=arwdDxt/postgres,=r/postgres}",,
12149,pg_available_extensions,11,12150,0,10,0,0,0,0,0,0,0,false,false,p,v,4,0,true,false,false,false,false,true,n,false,0,0,0,"{postgres=arwdDxt/postgres,=r/postgres}",,
12152,pg_available_extension_versions,11,12153,0,10,0,0,0,0,0,0,0,false,false,p,v,8,0,true,false,false,false,false,true,n,false,0,0,0,"{postgres=arwdDxt/postgres,=r/postgres}",,
12155,pg_prepared_xacts,11,12156,0,10,0,0,0,0,0,0,0,false,false,p,v,5,0,true,false,false,false,false,true,n,false,0,0,0,"{postgres=arwdDxt/postgres,=r/postgres}",,
12159,pg_prepared_statements,11,12160,0,10,0,0,0,0,0,0,0,false,false,p,v,5,0,true,false,false,false,false,true,n,false,0,0,0,"{postgres=arwdDxt/postgres,=r/postgres}",,
12162,pg_seclabels,11,12163,0,10,0,0,0,0,0,0,0,false,false,p,v,8,0,true,false,false,false,false,true,n,false,0,0,0,"{postgres=arwdDxt/postgres,=r/postgres}",,
12212,pg_statio_sys_tables,11,12213,0,10,0,0,0,0,0,0,0,false,false,p,v,11,0,true,false,false,false,false,true,n,false,0,0,0,"{postgres=arwdDxt/postgres,=r/postgres}",,
12177,pg_timezone_abbrevs,11,12178,0,10,0,0,0,0,0,0,0,false,false,p,v,3,0,true,false,false,false,false,true,n,false,0,0,0,"{postgres=arwdDxt/postgres,=r/postgres}",,
12180,pg_timezone_names,11,12181,0,10,0,0,0,0,0,0,0,false,false,p,v,4,0,true,false,false,false,false,true,n,false,0,0,0,"{postgres=arwdDxt/postgres,=r/postgres}",,
12215,pg_statio_user_tables,11,12216,0,10,0,0,0,0,0,0,0,false,false,p,v,11,0,true,false,false,false,false,true,n,false,0,0,0,"{postgres=arwdDxt/postgres,=r/postgres}",,
12186,pg_stat_all_tables,11,12187,0,10,0,0,0,0,0,0,0,false,false,p,v,22,0,true,false,false,false,false,true,n,false,0,0,0,"{postgres=arwdDxt/postgres,=r/postgres}",,
12190,pg_stat_xact_all_tables,11,12191,0,10,0,0,0,0,0,0,0,false,false,p,v,11,0,true,false,false,false,false,true,n,false,0,0,0,"{postgres=arwdDxt/postgres,=r/postgres}",,
12194,pg_stat_sys_tables,11,12195,0,10,0,0,0,0,0,0,0,false,false,p,v,22,0,true,false,false,false,false,true,n,false,0,0,0,"{postgres=arwdDxt/postgres,=r/postgres}",,
12198,pg_stat_xact_sys_tables,11,12199,0,10,0,0,0,0,0,0,0,false,false,p,v,11,0,true,false,false,false,false,true,n,false,0,0,0,"{postgres=arwdDxt/postgres,=r/postgres}",,
12201,pg_stat_user_tables,11,12202,0,10,0,0,0,0,0,0,0,false,false,p,v,22,0,true,false,false,false,false,true,n,false,0,0,0,"{postgres=arwdDxt/postgres,=r/postgres}",,
12205,pg_stat_xact_user_tables,11,12206,0,10,0,0,0,0,0,0,0,false,false,p,v,11,0,true,false,false,false,false,true,n,false,0,0,0,"{postgres=arwdDxt/postgres,=r/postgres}",,
12208,pg_statio_all_tables,11,12209,0,10,0,0,0,0,0,0,0,false,false,p,v,11,0,true,false,false,false,false,true,n,false,0,0,0,"{postgres=arwdDxt/postgres,=r/postgres}",,
12218,pg_stat_all_indexes,11,12219,0,10,0,0,0,0,0,0,0,false,false,p,v,8,0,true,false,false,false,false,true,n,false,0,0,0,"{postgres=arwdDxt/postgres,=r/postgres}",,
12222,pg_stat_sys_indexes,11,12223,0,10,0,0,0,0,0,0,0,false,false,p,v,8,0,true,false,false,false,false,true,n,false,0,0,0,"{postgres=arwdDxt/postgres,=r/postgres}",,
12225,pg_stat_user_indexes,11,12226,0,10,0,0,0,0,0,0,0,false,false,p,v,8,0,true,false,false,false,false,true,n,false,0,0,0,"{postgres=arwdDxt/postgres,=r/postgres}",,
12228,pg_statio_all_indexes,11,12229,0,10,0,0,0,0,0,0,0,false,false,p,v,7,0,true,false,false,false,false,true,n,false,0,0,0,"{postgres=arwdDxt/postgres,=r/postgres}",,
12232,pg_statio_sys_indexes,11,12233,0,10,0,0,0,0,0,0,0,false,false,p,v,7,0,true,false,false,false,false,true,n,false,0,0,0,"{postgres=arwdDxt/postgres,=r/postgres}",,
12235,pg_statio_user_indexes,11,12236,0,10,0,0,0,0,0,0,0,false,false,p,v,7,0,true,false,false,false,false,true,n,false,0,0,0,"{postgres=arwdDxt/postgres,=r/postgres}",,
12238,pg_statio_all_sequences,11,12239,0,10,0,0,0,0,0,0,0,false,false,p,v,5,0,true,false,false,false,false,true,n,false,0,0,0,"{postgres=arwdDxt/postgres,=r/postgres}",,
12242,pg_statio_sys_sequences,11,12243,0,10,0,0,0,0,0,0,0,false,false,p,v,5,0,true,false,false,false,false,true,n,false,0,0,0,"{postgres=arwdDxt/postgres,=r/postgres}",,
12245,pg_statio_user_sequences,11,12246,0,10,0,0,0,0,0,0,0,false,false,p,v,5,0,true,false,false,false,false,true,n,false,0,0,0,"{postgres=arwdDxt/postgres,=r/postgres}",,
12248,pg_stat_activity,11,12249,0,10,0,0,0,0,0,0,0,false,false,p,v,20,0,true,false,false,false,false,true,n,false,0,0,0,"{postgres=arwdDxt/postgres,=r/postgres}",,
12252,pg_stat_replication,11,12253,0,10,0,0,0,0,0,0,0,false,false,p,v,20,0,true,false,false,false,false,true,n,false,0,0,0,"{postgres=arwdDxt/postgres,=r/postgres}",,
12256,pg_stat_wal_receiver,11,12257,0,10,0,0,0,0,0,0,0,false,false,p,v,14,0,true,false,false,false,false,true,n,false,0,0,0,"{postgres=arwdDxt/postgres,=r/postgres}",,
12259,pg_stat_subscription,11,12260,0,10,0,0,0,0,0,0,0,false,false,p,v,9,0,true,false,false,false,false,true,n,false,0,0,0,"{postgres=arwdDxt/postgres,=r/postgres}",,
12262,pg_stat_ssl,11,12263,0,10,0,0,0,0,0,0,0,false,false,p,v,9,0,true,false,false,false,false,true,n,false,0,0,0,"{postgres=arwdDxt/postgres,=r/postgres}",,
12265,pg_stat_gssapi,11,12266,0,10,0,0,0,0,0,0,0,false,false,p,v,4,0,true,false,false,false,false,true,n,false,0,0,0,"{postgres=arwdDxt/postgres,=r/postgres}",,
12268,pg_replication_slots,11,12269,0,10,0,0,0,0,0,0,0,false,false,p,v,12,0,true,false,false,false,false,true,n,false,0,0,0,"{postgres=arwdDxt/postgres,=r/postgres}",,
12272,pg_stat_database,11,12273,0,10,0,0,0,0,0,0,0,false,false,p,v,21,0,true,false,false,false,false,true,n,false,0,0,0,"{postgres=arwdDxt/postgres,=r/postgres}",,
12276,pg_stat_database_conflicts,11,12277,0,10,0,0,0,0,0,0,0,false,false,p,v,7,0,true,false,false,false,false,true,n,false,0,0,0,"{postgres=arwdDxt/postgres,=r/postgres}",,
12279,pg_stat_user_functions,11,12280,0,10,0,0,0,0,0,0,0,false,false,p,v,6,0,true,false,false,false,false,true,n,false,0,0,0,"{postgres=arwdDxt/postgres,=r/postgres}",,
12283,pg_stat_xact_user_functions,11,12284,0,10,0,0,0,0,0,0,0,false,false,p,v,6,0,true,false,false,false,false,true,n,false,0,0,0,"{postgres=arwdDxt/postgres,=r/postgres}",,
12287,pg_stat_archiver,11,12288,0,10,0,0,0,0,0,0,0,false,false,p,v,7,0,true,false,false,false,false,true,n,false,0,0,0,"{postgres=arwdDxt/postgres,=r/postgres}",,
13038,information_schema_catalog_name,13018,13039,0,10,0,0,0,0,0,0,0,false,false,p,v,1,0,true,false,false,false,false,true,n,false,0,0,0,"{postgres=arwdDxt/postgres,=r/postgres}",,
13061,check_constraint_routine_usage,13018,13062,0,10,0,0,0,0,0,0,0,false,false,p,v,6,0,true,false,false,false,false,true,n,false,0,0,0,"{postgres=arwdDxt/postgres,=r/postgres}",,
13046,applicable_roles,13018,13047,0,10,0,0,0,0,0,0,0,false,false,p,v,3,0,true,false,false,false,false,true,n,false,0,0,0,"{postgres=arwdDxt/postgres,=r/postgres}",,
13050,administrable_role_authorizations,13018,13051,0,10,0,0,0,0,0,0,0,false,false,p,v,3,0,true,false,false,false,false,true,n,false,0,0,0,"{postgres=arwdDxt/postgres,=r/postgres}",,
13073,collation_character_set_applicability,13018,13074,0,10,0,0,0,0,0,0,0,false,false,p,v,6,0,true,false,false,false,false,true,n,false,0,0,0,"{postgres=arwdDxt/postgres,=r/postgres}",,
13053,attributes,13018,13054,0,10,0,0,0,0,0,0,0,false,false,p,v,31,0,true,false,false,false,false,true,n,false,0,0,0,"{postgres=arwdDxt/postgres,=r/postgres}",,
13065,check_constraints,13018,13066,0,10,0,0,0,0,0,0,0,false,false,p,v,4,0,true,false,false,false,false,true,n,false,0,0,0,"{postgres=arwdDxt/postgres,=r/postgres}",,
13057,character_sets,13018,13058,0,10,0,0,0,0,0,0,0,false,false,p,v,8,0,true,false,false,false,false,true,n,false,0,0,0,"{postgres=arwdDxt/postgres,=r/postgres}",,
13069,collations,13018,13070,0,10,0,0,0,0,0,0,0,false,false,p,v,4,0,true,false,false,false,false,true,n,false,0,0,0,"{postgres=arwdDxt/postgres,=r/postgres}",,
13081,column_domain_usage,13018,13082,0,10,0,0,0,0,0,0,0,false,false,p,v,7,0,true,false,false,false,false,true,n,false,0,0,0,"{postgres=arwdDxt/postgres,=r/postgres}",,
13077,column_column_usage,13018,13078,0,10,0,0,0,0,0,0,0,false,false,p,v,5,0,true,false,false,false,false,true,n,false,0,0,0,"{postgres=arwdDxt/postgres,=r/postgres}",,
13085,column_privileges,13018,13086,0,10,0,0,0,0,0,0,0,false,false,p,v,8,0,true,false,false,false,false,true,n,false,0,0,0,"{postgres=arwdDxt/postgres,=r/postgres}",,
13089,column_udt_usage,13018,13090,0,10,0,0,0,0,0,0,0,false,false,p,v,7,0,true,false,false,false,false,true,n,false,0,0,0,"{postgres=arwdDxt/postgres,=r/postgres}",,
13093,columns,13018,13094,0,10,0,0,0,0,0,0,0,false,false,p,v,44,0,true,false,false,false,false,true,n,false,0,0,0,"{postgres=arwdDxt/postgres,=r/postgres}",,
13097,constraint_column_usage,13018,13098,0,10,0,0,0,0,0,0,0,false,false,p,v,7,0,true,false,false,false,false,true,n,false,0,0,0,"{postgres=arwdDxt/postgres,=r/postgres}",,
13146,schemata,13018,13147,0,10,0,0,0,0,0,0,0,false,false,p,v,7,0,true,false,false,false,false,true,n,false,0,0,0,"{postgres=arwdDxt/postgres,=r/postgres}",,
13101,constraint_table_usage,13018,13102,0,10,0,0,0,0,0,0,0,false,false,p,v,6,0,true,false,false,false,false,true,n,false,0,0,0,"{postgres=arwdDxt/postgres,=r/postgres}",,
13105,domain_constraints,13018,13106,0,10,0,0,0,0,0,0,0,false,false,p,v,8,0,true,false,false,false,false,true,n,false,0,0,0,"{postgres=arwdDxt/postgres,=r/postgres}",,
13168,sql_packages,13018,13169,0,10,2,13168,0,1,10,1,13170,false,false,p,r,5,0,false,false,false,false,false,true,d,false,0,480,1,"{postgres=arwdDxt/postgres,=r/postgres}",,
13109,domain_udt_usage,13018,13110,0,10,0,0,0,0,0,0,0,false,false,p,v,6,0,true,false,false,false,false,true,n,false,0,0,0,"{postgres=arwdDxt/postgres,=r/postgres}",,
13149,sequences,13018,13150,0,10,0,0,0,0,0,0,0,false,false,p,v,12,0,true,false,false,false,false,true,n,false,0,0,0,"{postgres=arwdDxt/postgres,=r/postgres}",,
13113,domains,13018,13114,0,10,0,0,0,0,0,0,0,false,false,p,v,27,0,true,false,false,false,false,true,n,false,0,0,0,"{postgres=arwdDxt/postgres,=r/postgres}",,
13117,enabled_roles,13018,13118,0,10,0,0,0,0,0,0,0,false,false,p,v,1,0,true,false,false,false,false,true,n,false,0,0,0,"{postgres=arwdDxt/postgres,=r/postgres}",,
13155,pg_toast_13153,99,13156,0,10,2,13155,0,0,0,0,0,true,false,p,t,3,0,false,false,false,false,false,true,n,false,0,480,1,,,
13120,key_column_usage,13018,13121,0,10,0,0,0,0,0,0,0,false,false,p,v,9,0,true,false,false,false,false,true,n,false,0,0,0,"{postgres=arwdDxt/postgres,=r/postgres}",,
13157,pg_toast_13153_index,99,0,0,10,403,13157,0,1,0,0,0,false,false,p,i,2,0,false,false,false,false,false,true,n,false,0,0,0,,,
13124,parameters,13018,13125,0,10,0,0,0,0,0,0,0,false,false,p,v,32,0,true,false,false,false,false,true,n,false,0,0,0,"{postgres=arwdDxt/postgres,=r/postgres}",,
13128,referential_constraints,13018,13129,0,10,0,0,0,0,0,0,0,false,false,p,v,9,0,true,false,false,false,false,true,n,false,0,0,0,"{postgres=arwdDxt/postgres,=r/postgres}",,
13153,sql_features,13018,13154,0,10,2,13153,0,8,716,8,13155,false,false,p,r,7,0,false,false,false,false,false,true,d,false,0,480,1,"{postgres=arwdDxt/postgres,=r/postgres}",,
13132,role_column_grants,13018,13133,0,10,0,0,0,0,0,0,0,false,false,p,v,8,0,true,false,false,false,false,true,n,false,0,0,0,"{postgres=arwdDxt/postgres,=r/postgres}",,
13135,routine_privileges,13018,13136,0,10,0,0,0,0,0,0,0,false,false,p,v,10,0,true,false,false,false,false,true,n,false,0,0,0,"{postgres=arwdDxt/postgres,=r/postgres}",,
13160,pg_toast_13158,99,13161,0,10,2,13160,0,0,0,0,0,true,false,p,t,3,0,false,false,false,false,false,true,n,false,0,480,1,,,
13139,role_routine_grants,13018,13140,0,10,0,0,0,0,0,0,0,false,false,p,v,10,0,true,false,false,false,false,true,n,false,0,0,0,"{postgres=arwdDxt/postgres,=r/postgres}",,
13162,pg_toast_13158_index,99,0,0,10,403,13162,0,1,0,0,0,false,false,p,i,2,0,false,false,false,false,false,true,n,false,0,0,0,,,
13142,routines,13018,13143,0,10,0,0,0,0,0,0,0,false,false,p,v,82,0,true,false,false,false,false,true,n,false,0,0,0,"{postgres=arwdDxt/postgres,=r/postgres}",,
13175,pg_toast_13173,99,13176,0,10,2,13175,0,0,0,0,0,true,false,p,t,3,0,false,false,false,false,false,true,n,false,0,480,1,,,
13177,pg_toast_13173_index,99,0,0,10,403,13177,0,1,0,0,0,false,false,p,i,2,0,false,false,false,false,false,true,n,false,0,0,0,,,
13158,sql_implementation_info,13018,13159,0,10,2,13158,0,1,12,1,13160,false,false,p,r,5,0,false,false,false,false,false,true,d,false,0,480,1,"{postgres=arwdDxt/postgres,=r/postgres}",,
13165,pg_toast_13163,99,13166,0,10,2,13165,0,0,0,0,0,true,false,p,t,3,0,false,false,false,false,false,true,n,false,0,480,1,,,
13167,pg_toast_13163_index,99,0,0,10,403,13167,0,1,0,0,0,false,false,p,i,2,0,false,false,false,false,false,true,n,false,0,0,0,,,
13173,sql_parts,13018,13174,0,10,2,13173,0,1,9,1,13175,false,false,p,r,5,0,false,false,false,false,false,true,d,false,0,480,1,,,
13163,sql_languages,13018,13164,0,10,2,13163,0,1,4,1,13165,false,false,p,r,7,0,false,false,false,false,false,true,d,false,0,480,1,"{postgres=arwdDxt/postgres,=r/postgres}",,
13170,pg_toast_13168,99,13171,0,10,2,13170,0,0,0,0,0,true,false,p,t,3,0,false,false,false,false,false,true,n,false,0,480,1,,,
13172,pg_toast_13168_index,99,0,0,10,403,13172,0,1,0,0,0,false,false,p,i,2,0,false,false,false,false,false,true,n,false,0,0,0,,,
13178,sql_sizing,13018,13179,0,10,2,13178,0,1,23,1,13180,false,false,p,r,4,0,false,false,false,false,false,true,d,false,0,480,1,"{postgres=arwdDxt/postgres,=r/postgres}",,
13180,pg_toast_13178,99,13181,0,10,2,13180,0,0,0,0,0,true,false,p,t,3,0,false,false,false,false,false,true,n,false,0,480,1,,,
13182,pg_toast_13178_index,99,0,0,10,403,13182,0,1,0,0,0,false,false,p,i,2,0,false,false,false,false,false,true,n,false,0,0,0,,,
13187,pg_toast_13183_index,99,0,0,10,403,13187,0,1,0,0,0,false,false,p,i,2,0,false,false,false,false,false,true,n,false,0,0,0,,,
13185,pg_toast_13183,99,13186,0,10,2,13185,0,0,0,0,0,true,false,p,t,3,0,false,false,false,false,false,true,n,false,0,480,1,,,
13183,sql_sizing_profiles,13018,13184,0,10,2,13183,0,0,0,0,13185,false,false,p,r,5,0,false,false,false,false,false,true,d,false,0,480,1,"{postgres=arwdDxt/postgres,=r/postgres}",,
13188,table_constraints,13018,13189,0,10,0,0,0,0,0,0,0,false,false,p,v,10,0,true,false,false,false,false,true,n,false,0,0,0,"{postgres=arwdDxt/postgres,=r/postgres}",,
13192,table_privileges,13018,13193,0,10,0,0,0,0,0,0,0,false,false,p,v,8,0,true,false,false,false,false,true,n,false,0,0,0,"{postgres=arwdDxt/postgres,=r/postgres}",,
13196,role_table_grants,13018,13197,0,10,0,0,0,0,0,0,0,false,false,p,v,8,0,true,false,false,false,false,true,n,false,0,0,0,"{postgres=arwdDxt/postgres,=r/postgres}",,
13245,views,13018,13246,0,10,0,0,0,0,0,0,0,false,false,p,v,10,0,true,false,false,false,false,true,n,false,0,0,0,"{postgres=arwdDxt/postgres,=r/postgres}",,
13199,tables,13018,13200,0,10,0,0,0,0,0,0,0,false,false,p,v,12,0,true,false,false,false,false,true,n,false,0,0,0,"{postgres=arwdDxt/postgres,=r/postgres}",,
13203,transforms,13018,13204,0,10,0,0,0,0,0,0,0,false,false,p,v,8,0,true,false,false,false,false,true,n,false,0,0,0,,,
13207,triggered_update_columns,13018,13208,0,10,0,0,0,0,0,0,0,false,false,p,v,7,0,true,false,false,false,false,true,n,false,0,0,0,"{postgres=arwdDxt/postgres,=r/postgres}",,
13273,_pg_foreign_servers,13018,13274,0,10,0,0,0,0,0,0,0,false,false,p,v,9,0,true,false,false,false,false,true,n,false,0,0,0,,,
13211,triggers,13018,13212,0,10,0,0,0,0,0,0,0,false,false,p,v,17,0,true,false,false,false,false,true,n,false,0,0,0,"{postgres=arwdDxt/postgres,=r/postgres}",,
13249,data_type_privileges,13018,13250,0,10,0,0,0,0,0,0,0,false,false,p,v,5,0,true,false,false,false,false,true,n,false,0,0,0,"{postgres=arwdDxt/postgres,=r/postgres}",,
13215,udt_privileges,13018,13216,0,10,0,0,0,0,0,0,0,false,false,p,v,7,0,true,false,false,false,false,true,n,false,0,0,0,"{postgres=arwdDxt/postgres,=r/postgres}",,
13219,role_udt_grants,13018,13220,0,10,0,0,0,0,0,0,0,false,false,p,v,7,0,true,false,false,false,false,true,n,false,0,0,0,"{postgres=arwdDxt/postgres,=r/postgres}",,
13222,usage_privileges,13018,13223,0,10,0,0,0,0,0,0,0,false,false,p,v,8,0,true,false,false,false,false,true,n,false,0,0,0,"{postgres=arwdDxt/postgres,=r/postgres}",,
13253,element_types,13018,13254,0,10,0,0,0,0,0,0,0,false,false,p,v,29,0,true,false,false,false,false,true,n,false,0,0,0,"{postgres=arwdDxt/postgres,=r/postgres}",,
13226,role_usage_grants,13018,13227,0,10,0,0,0,0,0,0,0,false,false,p,v,8,0,true,false,false,false,false,true,n,false,0,0,0,"{postgres=arwdDxt/postgres,=r/postgres}",,
13229,user_defined_types,13018,13230,0,10,0,0,0,0,0,0,0,false,false,p,v,29,0,true,false,false,false,false,true,n,false,0,0,0,"{postgres=arwdDxt/postgres,=r/postgres}",,
13257,_pg_foreign_table_columns,13018,13258,0,10,0,0,0,0,0,0,0,false,false,p,v,4,0,true,false,false,false,false,true,n,false,0,0,0,,,
13233,view_column_usage,13018,13234,0,10,0,0,0,0,0,0,0,false,false,p,v,7,0,true,false,false,false,false,true,n,false,0,0,0,"{postgres=arwdDxt/postgres,=r/postgres}",,
13237,view_routine_usage,13018,13238,0,10,0,0,0,0,0,0,0,false,false,p,v,6,0,true,false,false,false,false,true,n,false,0,0,0,"{postgres=arwdDxt/postgres,=r/postgres}",,
13241,view_table_usage,13018,13242,0,10,0,0,0,0,0,0,0,false,false,p,v,6,0,true,false,false,false,false,true,n,false,0,0,0,"{postgres=arwdDxt/postgres,=r/postgres}",,
13277,foreign_server_options,13018,13278,0,10,0,0,0,0,0,0,0,false,false,p,v,4,0,true,false,false,false,false,true,n,false,0,0,0,"{postgres=arwdDxt/postgres,=r/postgres}",,
13261,column_options,13018,13262,0,10,0,0,0,0,0,0,0,false,false,p,v,6,0,true,false,false,false,false,true,n,false,0,0,0,"{postgres=arwdDxt/postgres,=r/postgres}",,
13264,_pg_foreign_data_wrappers,13018,13265,0,10,0,0,0,0,0,0,0,false,false,p,v,7,0,true,false,false,false,false,true,n,false,0,0,0,,,
13267,foreign_data_wrapper_options,13018,13268,0,10,0,0,0,0,0,0,0,false,false,p,v,4,0,true,false,false,false,false,true,n,false,0,0,0,"{postgres=arwdDxt/postgres,=r/postgres}",,
13290,foreign_tables,13018,13291,0,10,0,0,0,0,0,0,0,false,false,p,v,5,0,true,false,false,false,false,true,n,false,0,0,0,"{postgres=arwdDxt/postgres,=r/postgres}",,
13270,foreign_data_wrappers,13018,13271,0,10,0,0,0,0,0,0,0,false,false,p,v,5,0,true,false,false,false,false,true,n,false,0,0,0,"{postgres=arwdDxt/postgres,=r/postgres}",,
13280,foreign_servers,13018,13281,0,10,0,0,0,0,0,0,0,false,false,p,v,7,0,true,false,false,false,false,true,n,false,0,0,0,"{postgres=arwdDxt/postgres,=r/postgres}",,
13283,_pg_foreign_tables,13018,13284,0,10,0,0,0,0,0,0,0,false,false,p,v,7,0,true,false,false,false,false,true,n,false,0,0,0,,,
13287,foreign_table_options,13018,13288,0,10,0,0,0,0,0,0,0,false,false,p,v,5,0,true,false,false,false,false,true,n,false,0,0,0,"{postgres=arwdDxt/postgres,=r/postgres}",,
13293,_pg_user_mappings,13018,13294,0,10,0,0,0,0,0,0,0,false,false,p,v,7,0,true,false,false,false,false,true,n,false,0,0,0,,,
13301,user_mappings,13018,13302,0,10,0,0,0,0,0,0,0,false,false,p,v,3,0,true,false,false,false,false,true,n,false,0,0,0,"{postgres=arwdDxt/postgres,=r/postgres}",,
13297,user_mapping_options,13018,13298,0,10,0,0,0,0,0,0,0,false,false,p,v,5,0,true,false,false,false,false,true,n,false,0,0,0,"{postgres=arwdDxt/postgres,=r/postgres}",,
