15,=,11,10,b,true,true,23,20,16,416,36,int48eq,eqsel,eqjoinsel
36,<>,11,10,b,false,false,23,20,16,417,15,int48ne,neqsel,neqjoinsel
37,<,11,10,b,false,false,23,20,16,419,82,int48lt,scalarltsel,scalarltjoinsel
76,>,11,10,b,false,false,23,20,16,418,80,int48gt,scalargtsel,scalargtjoinsel
80,<=,11,10,b,false,false,23,20,16,430,76,int48le,scalarlesel,scalarlejoinsel
82,>=,11,10,b,false,false,23,20,16,420,37,int48ge,scalargesel,scalargejoinsel
58,<,11,10,b,false,false,16,16,16,59,1695,boollt,scalarltsel,scalarltjoinsel
59,>,11,10,b,false,false,16,16,16,58,1694,boolgt,scalargtsel,scalargtjoinsel
85,<>,11,10,b,false,false,16,16,16,85,91,boolne,neqsel,neqjoinsel
91,=,11,10,b,true,true,16,16,16,91,85,booleq,eqsel,eqjoinsel
1694,<=,11,10,b,false,false,16,16,16,1695,59,boolle,scalarlesel,scalarlejoinsel
1695,>=,11,10,b,false,false,16,16,16,1694,58,boolge,scalargesel,scalargejoinsel
92,=,11,10,b,true,true,18,18,16,92,630,chareq,eqsel,eqjoinsel
93,=,11,10,b,true,true,19,19,16,93,643,nameeq,eqsel,eqjoinsel
94,=,11,10,b,true,true,21,21,16,94,519,int2eq,eqsel,eqjoinsel
95,<,11,10,b,false,false,21,21,16,520,524,int2lt,scalarltsel,scalarltjoinsel
96,=,11,10,b,true,true,23,23,16,96,518,int4eq,eqsel,eqjoinsel
97,<,11,10,b,false,false,23,23,16,521,525,int4lt,scalarltsel,scalarltjoinsel
98,=,11,10,b,true,true,25,25,16,98,531,texteq,eqsel,eqjoinsel
3877,^@,11,10,b,false,false,25,25,16,0,0,starts_with,prefixsel,prefixjoinsel
254,=,11,10,b,true,true,19,25,16,260,259,nameeqtext,eqsel,eqjoinsel
255,<,11,10,b,false,false,19,25,16,264,257,namelttext,scalarltsel,scalarltjoinsel
256,<=,11,10,b,false,false,19,25,16,263,258,nameletext,scalarlesel,scalarlejoinsel
257,>=,11,10,b,false,false,19,25,16,262,255,namegetext,scalargesel,scalargejoinsel
258,>,11,10,b,false,false,19,25,16,261,256,namegttext,scalargtsel,scalargtjoinsel
259,<>,11,10,b,false,false,19,25,16,265,254,namenetext,neqsel,neqjoinsel
260,=,11,10,b,true,true,25,19,16,254,265,texteqname,eqsel,eqjoinsel
261,<,11,10,b,false,false,25,19,16,258,263,textltname,scalarltsel,scalarltjoinsel
262,<=,11,10,b,false,false,25,19,16,257,264,textlename,scalarlesel,scalarlejoinsel
263,>=,11,10,b,false,false,25,19,16,256,261,textgename,scalargesel,scalargejoinsel
264,>,11,10,b,false,false,25,19,16,255,262,textgtname,scalargtsel,scalargtjoinsel
265,<>,11,10,b,false,false,25,19,16,259,260,textnename,neqsel,neqjoinsel
349,||,11,10,b,false,false,2277,2283,2277,0,0,array_append,-,-
374,||,11,10,b,false,false,2283,2277,2277,0,0,array_prepend,-,-
375,||,11,10,b,false,false,2277,2277,2277,0,0,array_cat,-,-
352,=,11,10,b,false,true,28,28,16,352,3315,xideq,eqsel,eqjoinsel
353,=,11,10,b,false,false,28,23,16,0,3316,xideqint4,eqsel,eqjoinsel
3315,<>,11,10,b,false,false,28,28,16,3315,352,xidneq,neqsel,neqjoinsel
3316,<>,11,10,b,false,false,28,23,16,0,353,xidneqint4,neqsel,neqjoinsel
388,!,11,10,r,false,false,20,0,1700,0,0,numeric_fac,-,-
389,!!,11,10,l,false,false,0,20,1700,0,0,numeric_fac,-,-
385,=,11,10,b,false,true,29,29,16,385,0,cideq,eqsel,eqjoinsel
387,=,11,10,b,true,true,27,27,16,387,402,tideq,eqsel,eqjoinsel
402,<>,11,10,b,false,false,27,27,16,402,387,tidne,neqsel,neqjoinsel
2799,<,11,10,b,false,false,27,27,16,2800,2802,tidlt,scalarltsel,scalarltjoinsel
2800,>,11,10,b,false,false,27,27,16,2799,2801,tidgt,scalargtsel,scalargtjoinsel
2801,<=,11,10,b,false,false,27,27,16,2802,2800,tidle,scalarlesel,scalarlejoinsel
2802,>=,11,10,b,false,false,27,27,16,2801,2799,tidge,scalargesel,scalargejoinsel
410,=,11,10,b,true,true,20,20,16,410,411,int8eq,eqsel,eqjoinsel
411,<>,11,10,b,false,false,20,20,16,411,410,int8ne,neqsel,neqjoinsel
412,<,11,10,b,false,false,20,20,16,413,415,int8lt,scalarltsel,scalarltjoinsel
413,>,11,10,b,false,false,20,20,16,412,414,int8gt,scalargtsel,scalargtjoinsel
414,<=,11,10,b,false,false,20,20,16,415,413,int8le,scalarlesel,scalarlejoinsel
415,>=,11,10,b,false,false,20,20,16,414,412,int8ge,scalargesel,scalargejoinsel
416,=,11,10,b,true,true,20,23,16,15,417,int84eq,eqsel,eqjoinsel
417,<>,11,10,b,false,false,20,23,16,36,416,int84ne,neqsel,neqjoinsel
418,<,11,10,b,false,false,20,23,16,76,430,int84lt,scalarltsel,scalarltjoinsel
419,>,11,10,b,false,false,20,23,16,37,420,int84gt,scalargtsel,scalargtjoinsel
420,<=,11,10,b,false,false,20,23,16,82,419,int84le,scalarlesel,scalarlejoinsel
430,>=,11,10,b,false,false,20,23,16,80,418,int84ge,scalargesel,scalargejoinsel
439,%,11,10,b,false,false,20,20,20,0,0,int8mod,-,-
473,@,11,10,l,false,false,0,20,20,0,0,int8abs,-,-
484,-,11,10,l,false,false,0,20,20,0,0,int8um,-,-
485,<<,11,10,b,false,false,604,604,16,0,0,poly_left,positionsel,positionjoinsel
486,&<,11,10,b,false,false,604,604,16,0,0,poly_overleft,positionsel,positionjoinsel
487,&>,11,10,b,false,false,604,604,16,0,0,poly_overright,positionsel,positionjoinsel
488,>>,11,10,b,false,false,604,604,16,0,0,poly_right,positionsel,positionjoinsel
489,<@,11,10,b,false,false,604,604,16,490,0,poly_contained,contsel,contjoinsel
490,@>,11,10,b,false,false,604,604,16,489,0,poly_contain,contsel,contjoinsel
491,~=,11,10,b,false,false,604,604,16,491,0,poly_same,eqsel,eqjoinsel
492,&&,11,10,b,false,false,604,604,16,492,0,poly_overlap,areasel,areajoinsel
493,<<,11,10,b,false,false,603,603,16,0,0,box_left,positionsel,positionjoinsel
494,&<,11,10,b,false,false,603,603,16,0,0,box_overleft,positionsel,positionjoinsel
495,&>,11,10,b,false,false,603,603,16,0,0,box_overright,positionsel,positionjoinsel
496,>>,11,10,b,false,false,603,603,16,0,0,box_right,positionsel,positionjoinsel
497,<@,11,10,b,false,false,603,603,16,498,0,box_contained,contsel,contjoinsel
498,@>,11,10,b,false,false,603,603,16,497,0,box_contain,contsel,contjoinsel
499,~=,11,10,b,false,false,603,603,16,499,0,box_same,eqsel,eqjoinsel
500,&&,11,10,b,false,false,603,603,16,500,0,box_overlap,areasel,areajoinsel
501,>=,11,10,b,false,false,603,603,16,505,504,box_ge,areasel,areajoinsel
502,>,11,10,b,false,false,603,603,16,504,505,box_gt,areasel,areajoinsel
503,=,11,10,b,false,false,603,603,16,503,0,box_eq,eqsel,eqjoinsel
504,<,11,10,b,false,false,603,603,16,502,501,box_lt,areasel,areajoinsel
505,<=,11,10,b,false,false,603,603,16,501,502,box_le,areasel,areajoinsel
506,>^,11,10,b,false,false,600,600,16,0,0,point_above,positionsel,positionjoinsel
507,<<,11,10,b,false,false,600,600,16,0,0,point_left,positionsel,positionjoinsel
508,>>,11,10,b,false,false,600,600,16,0,0,point_right,positionsel,positionjoinsel
509,<^,11,10,b,false,false,600,600,16,0,0,point_below,positionsel,positionjoinsel
510,~=,11,10,b,false,false,600,600,16,510,713,point_eq,eqsel,eqjoinsel
511,<@,11,10,b,false,false,600,603,16,433,0,on_pb,contsel,contjoinsel
433,@>,11,10,b,false,false,603,600,16,511,0,box_contain_pt,contsel,contjoinsel
512,<@,11,10,b,false,false,600,602,16,755,0,on_ppath,-,-
513,@@,11,10,l,false,false,0,603,600,0,0,box_center,-,-
514,*,11,10,b,false,false,23,23,23,514,0,int4mul,-,-
517,<->,11,10,b,false,false,600,600,701,517,0,point_distance,-,-
518,<>,11,10,b,false,false,23,23,16,518,96,int4ne,neqsel,neqjoinsel
519,<>,11,10,b,false,false,21,21,16,519,94,int2ne,neqsel,neqjoinsel
520,>,11,10,b,false,false,21,21,16,95,522,int2gt,scalargtsel,scalargtjoinsel
521,>,11,10,b,false,false,23,23,16,97,523,int4gt,scalargtsel,scalargtjoinsel
522,<=,11,10,b,false,false,21,21,16,524,520,int2le,scalarlesel,scalarlejoinsel
523,<=,11,10,b,false,false,23,23,16,525,521,int4le,scalarlesel,scalarlejoinsel
524,>=,11,10,b,false,false,21,21,16,522,95,int2ge,scalargesel,scalargejoinsel
525,>=,11,10,b,false,false,23,23,16,523,97,int4ge,scalargesel,scalargejoinsel
526,*,11,10,b,false,false,21,21,21,526,0,int2mul,-,-
527,/,11,10,b,false,false,21,21,21,0,0,int2div,-,-
528,/,11,10,b,false,false,23,23,23,0,0,int4div,-,-
529,%,11,10,b,false,false,21,21,21,0,0,int2mod,-,-
530,%,11,10,b,false,false,23,23,23,0,0,int4mod,-,-
531,<>,11,10,b,false,false,25,25,16,531,98,textne,neqsel,neqjoinsel
532,=,11,10,b,true,true,21,23,16,533,538,int24eq,eqsel,eqjoinsel
533,=,11,10,b,true,true,23,21,16,532,539,int42eq,eqsel,eqjoinsel
534,<,11,10,b,false,false,21,23,16,537,542,int24lt,scalarltsel,scalarltjoinsel
535,<,11,10,b,false,false,23,21,16,536,543,int42lt,scalarltsel,scalarltjoinsel
536,>,11,10,b,false,false,21,23,16,535,540,int24gt,scalargtsel,scalargtjoinsel
537,>,11,10,b,false,false,23,21,16,534,541,int42gt,scalargtsel,scalargtjoinsel
538,<>,11,10,b,false,false,21,23,16,539,532,int24ne,neqsel,neqjoinsel
539,<>,11,10,b,false,false,23,21,16,538,533,int42ne,neqsel,neqjoinsel
540,<=,11,10,b,false,false,21,23,16,543,536,int24le,scalarlesel,scalarlejoinsel
541,<=,11,10,b,false,false,23,21,16,542,537,int42le,scalarlesel,scalarlejoinsel
542,>=,11,10,b,false,false,21,23,16,541,534,int24ge,scalargesel,scalargejoinsel
543,>=,11,10,b,false,false,23,21,16,540,535,int42ge,scalargesel,scalargejoinsel
544,*,11,10,b,false,false,21,23,23,545,0,int24mul,-,-
545,*,11,10,b,false,false,23,21,23,544,0,int42mul,-,-
546,/,11,10,b,false,false,21,23,23,0,0,int24div,-,-
547,/,11,10,b,false,false,23,21,23,0,0,int42div,-,-
550,+,11,10,b,false,false,21,21,21,550,0,int2pl,-,-
551,+,11,10,b,false,false,23,23,23,551,0,int4pl,-,-
552,+,11,10,b,false,false,21,23,23,553,0,int24pl,-,-
553,+,11,10,b,false,false,23,21,23,552,0,int42pl,-,-
554,-,11,10,b,false,false,21,21,21,0,0,int2mi,-,-
555,-,11,10,b,false,false,23,23,23,0,0,int4mi,-,-
556,-,11,10,b,false,false,21,23,23,0,0,int24mi,-,-
557,-,11,10,b,false,false,23,21,23,0,0,int42mi,-,-
558,-,11,10,l,false,false,0,23,23,0,0,int4um,-,-
559,-,11,10,l,false,false,0,21,21,0,0,int2um,-,-
584,-,11,10,l,false,false,0,700,700,0,0,float4um,-,-
585,-,11,10,l,false,false,0,701,701,0,0,float8um,-,-
586,+,11,10,b,false,false,700,700,700,586,0,float4pl,-,-
587,-,11,10,b,false,false,700,700,700,0,0,float4mi,-,-
588,/,11,10,b,false,false,700,700,700,0,0,float4div,-,-
589,*,11,10,b,false,false,700,700,700,589,0,float4mul,-,-
590,@,11,10,l,false,false,0,700,700,0,0,float4abs,-,-
591,+,11,10,b,false,false,701,701,701,591,0,float8pl,-,-
592,-,11,10,b,false,false,701,701,701,0,0,float8mi,-,-
593,/,11,10,b,false,false,701,701,701,0,0,float8div,-,-
594,*,11,10,b,false,false,701,701,701,594,0,float8mul,-,-
595,@,11,10,l,false,false,0,701,701,0,0,float8abs,-,-
596,|/,11,10,l,false,false,0,701,701,0,0,dsqrt,-,-
597,||/,11,10,l,false,false,0,701,701,0,0,dcbrt,-,-
607,=,11,10,b,true,true,26,26,16,607,608,oideq,eqsel,eqjoinsel
608,<>,11,10,b,false,false,26,26,16,608,607,oidne,neqsel,neqjoinsel
609,<,11,10,b,false,false,26,26,16,610,612,oidlt,scalarltsel,scalarltjoinsel
610,>,11,10,b,false,false,26,26,16,609,611,oidgt,scalargtsel,scalargtjoinsel
611,<=,11,10,b,false,false,26,26,16,612,610,oidle,scalarlesel,scalarlejoinsel
612,>=,11,10,b,false,false,26,26,16,611,609,oidge,scalargesel,scalargejoinsel
644,<>,11,10,b,false,false,30,30,16,644,649,oidvectorne,neqsel,neqjoinsel
645,<,11,10,b,false,false,30,30,16,646,648,oidvectorlt,scalarltsel,scalarltjoinsel
646,>,11,10,b,false,false,30,30,16,645,647,oidvectorgt,scalargtsel,scalargtjoinsel
647,<=,11,10,b,false,false,30,30,16,648,646,oidvectorle,scalarlesel,scalarlejoinsel
648,>=,11,10,b,false,false,30,30,16,647,645,oidvectorge,scalargesel,scalargejoinsel
649,=,11,10,b,true,true,30,30,16,649,644,oidvectoreq,eqsel,eqjoinsel
613,<->,11,10,b,false,false,600,628,701,0,0,dist_pl,-,-
614,<->,11,10,b,false,false,600,601,701,0,0,dist_ps,-,-
615,<->,11,10,b,false,false,600,603,701,0,0,dist_pb,-,-
616,<->,11,10,b,false,false,601,628,701,0,0,dist_sl,-,-
617,<->,11,10,b,false,false,601,603,701,0,0,dist_sb,-,-
618,<->,11,10,b,false,false,600,602,701,0,0,dist_ppath,-,-
620,=,11,10,b,true,true,700,700,16,620,621,float4eq,eqsel,eqjoinsel
621,<>,11,10,b,false,false,700,700,16,621,620,float4ne,neqsel,neqjoinsel
622,<,11,10,b,false,false,700,700,16,623,625,float4lt,scalarltsel,scalarltjoinsel
623,>,11,10,b,false,false,700,700,16,622,624,float4gt,scalargtsel,scalargtjoinsel
624,<=,11,10,b,false,false,700,700,16,625,623,float4le,scalarlesel,scalarlejoinsel
625,>=,11,10,b,false,false,700,700,16,624,622,float4ge,scalargesel,scalargejoinsel
630,<>,11,10,b,false,false,18,18,16,630,92,charne,neqsel,neqjoinsel
631,<,11,10,b,false,false,18,18,16,633,634,charlt,scalarltsel,scalarltjoinsel
632,<=,11,10,b,false,false,18,18,16,634,633,charle,scalarlesel,scalarlejoinsel
633,>,11,10,b,false,false,18,18,16,631,632,chargt,scalargtsel,scalargtjoinsel
634,>=,11,10,b,false,false,18,18,16,632,631,charge,scalargesel,scalargejoinsel
639,~,11,10,b,false,false,19,25,16,0,640,nameregexeq,regexeqsel,regexeqjoinsel
640,!~,11,10,b,false,false,19,25,16,0,639,nameregexne,regexnesel,regexnejoinsel
641,~,11,10,b,false,false,25,25,16,0,642,textregexeq,regexeqsel,regexeqjoinsel
642,!~,11,10,b,false,false,25,25,16,0,641,textregexne,regexnesel,regexnejoinsel
643,<>,11,10,b,false,false,19,19,16,643,93,namene,neqsel,neqjoinsel
654,||,11,10,b,false,false,25,25,25,0,0,textcat,-,-
660,<,11,10,b,false,false,19,19,16,662,663,namelt,scalarltsel,scalarltjoinsel
661,<=,11,10,b,false,false,19,19,16,663,662,namele,scalarlesel,scalarlejoinsel
662,>,11,10,b,false,false,19,19,16,660,661,namegt,scalargtsel,scalargtjoinsel
663,>=,11,10,b,false,false,19,19,16,661,660,namege,scalargesel,scalargejoinsel
664,<,11,10,b,false,false,25,25,16,666,667,text_lt,scalarltsel,scalarltjoinsel
665,<=,11,10,b,false,false,25,25,16,667,666,text_le,scalarlesel,scalarlejoinsel
666,>,11,10,b,false,false,25,25,16,664,665,text_gt,scalargtsel,scalargtjoinsel
667,>=,11,10,b,false,false,25,25,16,665,664,text_ge,scalargesel,scalargejoinsel
670,=,11,10,b,true,true,701,701,16,670,671,float8eq,eqsel,eqjoinsel
671,<>,11,10,b,false,false,701,701,16,671,670,float8ne,neqsel,neqjoinsel
672,<,11,10,b,false,false,701,701,16,674,675,float8lt,scalarltsel,scalarltjoinsel
673,<=,11,10,b,false,false,701,701,16,675,674,float8le,scalarlesel,scalarlejoinsel
674,>,11,10,b,false,false,701,701,16,672,673,float8gt,scalargtsel,scalargtjoinsel
675,>=,11,10,b,false,false,701,701,16,673,672,float8ge,scalargesel,scalargejoinsel
682,@,11,10,l,false,false,0,21,21,0,0,int2abs,-,-
684,+,11,10,b,false,false,20,20,20,684,0,int8pl,-,-
685,-,11,10,b,false,false,20,20,20,0,0,int8mi,-,-
686,*,11,10,b,false,false,20,20,20,686,0,int8mul,-,-
687,/,11,10,b,false,false,20,20,20,0,0,int8div,-,-
688,+,11,10,b,false,false,20,23,20,692,0,int84pl,-,-
689,-,11,10,b,false,false,20,23,20,0,0,int84mi,-,-
690,*,11,10,b,false,false,20,23,20,694,0,int84mul,-,-
691,/,11,10,b,false,false,20,23,20,0,0,int84div,-,-
692,+,11,10,b,false,false,23,20,20,688,0,int48pl,-,-
693,-,11,10,b,false,false,23,20,20,0,0,int48mi,-,-
694,*,11,10,b,false,false,23,20,20,690,0,int48mul,-,-
695,/,11,10,b,false,false,23,20,20,0,0,int48div,-,-
818,+,11,10,b,false,false,20,21,20,822,0,int82pl,-,-
819,-,11,10,b,false,false,20,21,20,0,0,int82mi,-,-
820,*,11,10,b,false,false,20,21,20,824,0,int82mul,-,-
821,/,11,10,b,false,false,20,21,20,0,0,int82div,-,-
822,+,11,10,b,false,false,21,20,20,818,0,int28pl,-,-
823,-,11,10,b,false,false,21,20,20,0,0,int28mi,-,-
824,*,11,10,b,false,false,21,20,20,820,0,int28mul,-,-
825,/,11,10,b,false,false,21,20,20,0,0,int28div,-,-
706,<->,11,10,b,false,false,603,603,701,706,0,box_distance,-,-
707,<->,11,10,b,false,false,602,602,701,707,0,path_distance,-,-
708,<->,11,10,b,false,false,628,628,701,708,0,line_distance,-,-
709,<->,11,10,b,false,false,601,601,701,709,0,lseg_distance,-,-
712,<->,11,10,b,false,false,604,604,701,712,0,poly_distance,-,-
713,<>,11,10,b,false,false,600,600,16,713,510,point_ne,neqsel,neqjoinsel
731,+,11,10,b,false,false,600,600,600,731,0,point_add,-,-
732,-,11,10,b,false,false,600,600,600,0,0,point_sub,-,-
733,*,11,10,b,false,false,600,600,600,733,0,point_mul,-,-
734,/,11,10,b,false,false,600,600,600,0,0,point_div,-,-
735,+,11,10,b,false,false,602,602,602,735,0,path_add,-,-
736,+,11,10,b,false,false,602,600,602,0,0,path_add_pt,-,-
737,-,11,10,b,false,false,602,600,602,0,0,path_sub_pt,-,-
738,*,11,10,b,false,false,602,600,602,0,0,path_mul_pt,-,-
739,/,11,10,b,false,false,602,600,602,0,0,path_div_pt,-,-
755,@>,11,10,b,false,false,602,600,16,512,0,path_contain_pt,-,-
756,<@,11,10,b,false,false,600,604,16,757,0,pt_contained_poly,contsel,contjoinsel
757,@>,11,10,b,false,false,604,600,16,756,0,poly_contain_pt,contsel,contjoinsel
758,<@,11,10,b,false,false,600,718,16,759,0,pt_contained_circle,contsel,contjoinsel
759,@>,11,10,b,false,false,718,600,16,758,0,circle_contain_pt,contsel,contjoinsel
773,@,11,10,l,false,false,0,23,23,0,0,int4abs,-,-
792,=,11,10,b,false,false,602,602,16,792,0,path_n_eq,eqsel,eqjoinsel
793,<,11,10,b,false,false,602,602,16,794,0,path_n_lt,-,-
794,>,11,10,b,false,false,602,602,16,793,0,path_n_gt,-,-
795,<=,11,10,b,false,false,602,602,16,796,0,path_n_le,-,-
796,>=,11,10,b,false,false,602,602,16,795,0,path_n_ge,-,-
797,#,11,10,l,false,false,0,602,23,0,0,path_npoints,-,-
798,?#,11,10,b,false,false,602,602,16,0,0,path_inter,-,-
799,@-@,11,10,l,false,false,0,602,701,0,0,path_length,-,-
800,>^,11,10,b,false,false,603,603,16,0,0,box_above_eq,positionsel,positionjoinsel
801,<^,11,10,b,false,false,603,603,16,0,0,box_below_eq,positionsel,positionjoinsel
802,?#,11,10,b,false,false,603,603,16,0,0,box_overlap,areasel,areajoinsel
803,#,11,10,b,false,false,603,603,603,0,0,box_intersect,-,-
804,+,11,10,b,false,false,603,600,603,0,0,box_add,-,-
805,-,11,10,b,false,false,603,600,603,0,0,box_sub,-,-
806,*,11,10,b,false,false,603,600,603,0,0,box_mul,-,-
807,/,11,10,b,false,false,603,600,603,0,0,box_div,-,-
808,?-,11,10,b,false,false,600,600,16,808,0,point_horiz,-,-
809,?|,11,10,b,false,false,600,600,16,809,0,point_vert,-,-
843,*,11,10,b,false,false,790,700,790,845,0,cash_mul_flt4,-,-
844,/,11,10,b,false,false,790,700,790,0,0,cash_div_flt4,-,-
845,*,11,10,b,false,false,700,790,790,843,0,flt4_mul_cash,-,-
900,=,11,10,b,true,false,790,790,16,900,901,cash_eq,eqsel,eqjoinsel
901,<>,11,10,b,false,false,790,790,16,901,900,cash_ne,neqsel,neqjoinsel
902,<,11,10,b,false,false,790,790,16,903,905,cash_lt,scalarltsel,scalarltjoinsel
903,>,11,10,b,false,false,790,790,16,902,904,cash_gt,scalargtsel,scalargtjoinsel
904,<=,11,10,b,false,false,790,790,16,905,903,cash_le,scalarlesel,scalarlejoinsel
905,>=,11,10,b,false,false,790,790,16,904,902,cash_ge,scalargesel,scalargejoinsel
906,+,11,10,b,false,false,790,790,790,906,0,cash_pl,-,-
907,-,11,10,b,false,false,790,790,790,0,0,cash_mi,-,-
908,*,11,10,b,false,false,790,701,790,916,0,cash_mul_flt8,-,-
909,/,11,10,b,false,false,790,701,790,0,0,cash_div_flt8,-,-
3346,*,11,10,b,false,false,790,20,790,3349,0,cash_mul_int8,-,-
3347,/,11,10,b,false,false,790,20,790,0,0,cash_div_int8,-,-
912,*,11,10,b,false,false,790,23,790,917,0,cash_mul_int4,-,-
913,/,11,10,b,false,false,790,23,790,0,0,cash_div_int4,-,-
914,*,11,10,b,false,false,790,21,790,918,0,cash_mul_int2,-,-
915,/,11,10,b,false,false,790,21,790,0,0,cash_div_int2,-,-
916,*,11,10,b,false,false,701,790,790,908,0,flt8_mul_cash,-,-
3349,*,11,10,b,false,false,20,790,790,3346,0,int8_mul_cash,-,-
917,*,11,10,b,false,false,23,790,790,912,0,int4_mul_cash,-,-
918,*,11,10,b,false,false,21,790,790,914,0,int2_mul_cash,-,-
3825,/,11,10,b,false,false,790,790,701,0,0,cash_div_cash,-,-
965,^,11,10,b,false,false,701,701,701,0,0,dpow,-,-
966,+,11,10,b,false,false,1034,1033,1034,0,0,aclinsert,-,-
967,-,11,10,b,false,false,1034,1033,1034,0,0,aclremove,-,-
968,@>,11,10,b,false,false,1034,1033,16,0,0,aclcontains,-,-
974,=,11,10,b,false,true,1033,1033,16,974,0,aclitemeq,eqsel,eqjoinsel
969,@@,11,10,l,false,false,0,601,600,0,0,lseg_center,-,-
970,@@,11,10,l,false,false,0,602,600,0,0,path_center,-,-
971,@@,11,10,l,false,false,0,604,600,0,0,poly_center,-,-
1054,=,11,10,b,true,true,1042,1042,16,1054,1057,bpchareq,eqsel,eqjoinsel
1055,~,11,10,b,false,false,1042,25,16,0,1056,bpcharregexeq,regexeqsel,regexeqjoinsel
1056,!~,11,10,b,false,false,1042,25,16,0,1055,bpcharregexne,regexnesel,regexnejoinsel
1057,<>,11,10,b,false,false,1042,1042,16,1057,1054,bpcharne,neqsel,neqjoinsel
1058,<,11,10,b,false,false,1042,1042,16,1060,1061,bpcharlt,scalarltsel,scalarltjoinsel
1059,<=,11,10,b,false,false,1042,1042,16,1061,1060,bpcharle,scalarlesel,scalarlejoinsel
1060,>,11,10,b,false,false,1042,1042,16,1058,1059,bpchargt,scalargtsel,scalargtjoinsel
1061,>=,11,10,b,false,false,1042,1042,16,1059,1058,bpcharge,scalargesel,scalargejoinsel
1070,=,11,10,b,true,true,2277,2277,16,1070,1071,array_eq,eqsel,eqjoinsel
1071,<>,11,10,b,false,false,2277,2277,16,1071,1070,array_ne,neqsel,neqjoinsel
1072,<,11,10,b,false,false,2277,2277,16,1073,1075,array_lt,scalarltsel,scalarltjoinsel
1073,>,11,10,b,false,false,2277,2277,16,1072,1074,array_gt,scalargtsel,scalargtjoinsel
1074,<=,11,10,b,false,false,2277,2277,16,1075,1073,array_le,scalarlesel,scalarlejoinsel
1075,>=,11,10,b,false,false,2277,2277,16,1074,1072,array_ge,scalargesel,scalargejoinsel
1076,+,11,10,b,false,false,1082,1186,1114,2551,0,date_pl_interval,-,-
1077,-,11,10,b,false,false,1082,1186,1114,0,0,date_mi_interval,-,-
1093,=,11,10,b,true,true,1082,1082,16,1093,1094,date_eq,eqsel,eqjoinsel
1094,<>,11,10,b,false,false,1082,1082,16,1094,1093,date_ne,neqsel,neqjoinsel
1095,<,11,10,b,false,false,1082,1082,16,1097,1098,date_lt,scalarltsel,scalarltjoinsel
1096,<=,11,10,b,false,false,1082,1082,16,1098,1097,date_le,scalarlesel,scalarlejoinsel
1097,>,11,10,b,false,false,1082,1082,16,1095,1096,date_gt,scalargtsel,scalargtjoinsel
1098,>=,11,10,b,false,false,1082,1082,16,1096,1095,date_ge,scalargesel,scalargejoinsel
1099,-,11,10,b,false,false,1082,1082,23,0,0,date_mi,-,-
1100,+,11,10,b,false,false,1082,23,1082,2555,0,date_pli,-,-
1101,-,11,10,b,false,false,1082,23,1082,0,0,date_mii,-,-
1108,=,11,10,b,true,true,1083,1083,16,1108,1109,time_eq,eqsel,eqjoinsel
1109,<>,11,10,b,false,false,1083,1083,16,1109,1108,time_ne,neqsel,neqjoinsel
1110,<,11,10,b,false,false,1083,1083,16,1112,1113,time_lt,scalarltsel,scalarltjoinsel
1111,<=,11,10,b,false,false,1083,1083,16,1113,1112,time_le,scalarlesel,scalarlejoinsel
1112,>,11,10,b,false,false,1083,1083,16,1110,1111,time_gt,scalargtsel,scalargtjoinsel
1113,>=,11,10,b,false,false,1083,1083,16,1111,1110,time_ge,scalargesel,scalargejoinsel
1550,=,11,10,b,true,true,1266,1266,16,1550,1551,timetz_eq,eqsel,eqjoinsel
1551,<>,11,10,b,false,false,1266,1266,16,1551,1550,timetz_ne,neqsel,neqjoinsel
1552,<,11,10,b,false,false,1266,1266,16,1554,1555,timetz_lt,scalarltsel,scalarltjoinsel
1553,<=,11,10,b,false,false,1266,1266,16,1555,1554,timetz_le,scalarlesel,scalarlejoinsel
1554,>,11,10,b,false,false,1266,1266,16,1552,1553,timetz_gt,scalargtsel,scalargtjoinsel
1555,>=,11,10,b,false,false,1266,1266,16,1553,1552,timetz_ge,scalargesel,scalargejoinsel
1116,+,11,10,b,false,false,700,701,701,1126,0,float48pl,-,-
1117,-,11,10,b,false,false,700,701,701,0,0,float48mi,-,-
1118,/,11,10,b,false,false,700,701,701,0,0,float48div,-,-
1119,*,11,10,b,false,false,700,701,701,1129,0,float48mul,-,-
1120,=,11,10,b,true,true,700,701,16,1130,1121,float48eq,eqsel,eqjoinsel
1121,<>,11,10,b,false,false,700,701,16,1131,1120,float48ne,neqsel,neqjoinsel
1122,<,11,10,b,false,false,700,701,16,1133,1125,float48lt,scalarltsel,scalarltjoinsel
1123,>,11,10,b,false,false,700,701,16,1132,1124,float48gt,scalargtsel,scalargtjoinsel
1124,<=,11,10,b,false,false,700,701,16,1135,1123,float48le,scalarlesel,scalarlejoinsel
1125,>=,11,10,b,false,false,700,701,16,1134,1122,float48ge,scalargesel,scalargejoinsel
1126,+,11,10,b,false,false,701,700,701,1116,0,float84pl,-,-
1127,-,11,10,b,false,false,701,700,701,0,0,float84mi,-,-
1128,/,11,10,b,false,false,701,700,701,0,0,float84div,-,-
1129,*,11,10,b,false,false,701,700,701,1119,0,float84mul,-,-
1130,=,11,10,b,true,true,701,700,16,1120,1131,float84eq,eqsel,eqjoinsel
1131,<>,11,10,b,false,false,701,700,16,1121,1130,float84ne,neqsel,neqjoinsel
1132,<,11,10,b,false,false,701,700,16,1123,1135,float84lt,scalarltsel,scalarltjoinsel
1133,>,11,10,b,false,false,701,700,16,1122,1134,float84gt,scalargtsel,scalargtjoinsel
1134,<=,11,10,b,false,false,701,700,16,1125,1133,float84le,scalarlesel,scalarlejoinsel
1135,>=,11,10,b,false,false,701,700,16,1124,1132,float84ge,scalargesel,scalargejoinsel
1207,~~,11,10,b,false,false,19,25,16,0,1208,namelike,likesel,likejoinsel
1208,!~~,11,10,b,false,false,19,25,16,0,1207,namenlike,nlikesel,nlikejoinsel
1209,~~,11,10,b,false,false,25,25,16,0,1210,textlike,likesel,likejoinsel
1210,!~~,11,10,b,false,false,25,25,16,0,1209,textnlike,nlikesel,nlikejoinsel
1211,~~,11,10,b,false,false,1042,25,16,0,1212,bpcharlike,likesel,likejoinsel
1212,!~~,11,10,b,false,false,1042,25,16,0,1211,bpcharnlike,nlikesel,nlikejoinsel
1226,~*,11,10,b,false,false,19,25,16,0,1227,nameicregexeq,icregexeqsel,icregexeqjoinsel
1227,!~*,11,10,b,false,false,19,25,16,0,1226,nameicregexne,icregexnesel,icregexnejoinsel
1228,~*,11,10,b,false,false,25,25,16,0,1229,texticregexeq,icregexeqsel,icregexeqjoinsel
1229,!~*,11,10,b,false,false,25,25,16,0,1228,texticregexne,icregexnesel,icregexnejoinsel
1234,~*,11,10,b,false,false,1042,25,16,0,1235,bpcharicregexeq,icregexeqsel,icregexeqjoinsel
1235,!~*,11,10,b,false,false,1042,25,16,0,1234,bpcharicregexne,icregexnesel,icregexnejoinsel
1320,=,11,10,b,true,true,1184,1184,16,1320,1321,timestamptz_eq,eqsel,eqjoinsel
1321,<>,11,10,b,false,false,1184,1184,16,1321,1320,timestamptz_ne,neqsel,neqjoinsel
1322,<,11,10,b,false,false,1184,1184,16,1324,1325,timestamptz_lt,scalarltsel,scalarltjoinsel
1323,<=,11,10,b,false,false,1184,1184,16,1325,1324,timestamptz_le,scalarlesel,scalarlejoinsel
1324,>,11,10,b,false,false,1184,1184,16,1322,1323,timestamptz_gt,scalargtsel,scalargtjoinsel
1325,>=,11,10,b,false,false,1184,1184,16,1323,1322,timestamptz_ge,scalargesel,scalargejoinsel
1327,+,11,10,b,false,false,1184,1186,1184,2554,0,timestamptz_pl_interval,-,-
1328,-,11,10,b,false,false,1184,1184,1186,0,0,timestamptz_mi,-,-
1329,-,11,10,b,false,false,1184,1186,1184,0,0,timestamptz_mi_interval,-,-
1330,=,11,10,b,true,true,1186,1186,16,1330,1331,interval_eq,eqsel,eqjoinsel
1331,<>,11,10,b,false,false,1186,1186,16,1331,1330,interval_ne,neqsel,neqjoinsel
1332,<,11,10,b,false,false,1186,1186,16,1334,1335,interval_lt,scalarltsel,scalarltjoinsel
1333,<=,11,10,b,false,false,1186,1186,16,1335,1334,interval_le,scalarlesel,scalarlejoinsel
1334,>,11,10,b,false,false,1186,1186,16,1332,1333,interval_gt,scalargtsel,scalargtjoinsel
1335,>=,11,10,b,false,false,1186,1186,16,1333,1332,interval_ge,scalargesel,scalargejoinsel
1336,-,11,10,l,false,false,0,1186,1186,0,0,interval_um,-,-
1337,+,11,10,b,false,false,1186,1186,1186,1337,0,interval_pl,-,-
1338,-,11,10,b,false,false,1186,1186,1186,0,0,interval_mi,-,-
1360,+,11,10,b,false,false,1082,1083,1114,1363,0,datetime_pl,-,-
1361,+,11,10,b,false,false,1082,1266,1184,1366,0,datetimetz_pl,-,-
1363,+,11,10,b,false,false,1083,1082,1114,1360,0,timedate_pl,-,-
1366,+,11,10,b,false,false,1266,1082,1184,1361,0,timetzdate_pl,-,-
1399,-,11,10,b,false,false,1083,1083,1186,0,0,time_mi_time,-,-
1420,@@,11,10,l,false,false,0,718,600,0,0,circle_center,-,-
1500,=,11,10,b,false,false,718,718,16,1500,1501,circle_eq,eqsel,eqjoinsel
1501,<>,11,10,b,false,false,718,718,16,1501,1500,circle_ne,neqsel,neqjoinsel
1502,<,11,10,b,false,false,718,718,16,1503,1505,circle_lt,areasel,areajoinsel
1503,>,11,10,b,false,false,718,718,16,1502,1504,circle_gt,areasel,areajoinsel
1504,<=,11,10,b,false,false,718,718,16,1505,1503,circle_le,areasel,areajoinsel
1505,>=,11,10,b,false,false,718,718,16,1504,1502,circle_ge,areasel,areajoinsel
1506,<<,11,10,b,false,false,718,718,16,0,0,circle_left,positionsel,positionjoinsel
1507,&<,11,10,b,false,false,718,718,16,0,0,circle_overleft,positionsel,positionjoinsel
1508,&>,11,10,b,false,false,718,718,16,0,0,circle_overright,positionsel,positionjoinsel
1509,>>,11,10,b,false,false,718,718,16,0,0,circle_right,positionsel,positionjoinsel
1510,<@,11,10,b,false,false,718,718,16,1511,0,circle_contained,contsel,contjoinsel
1511,@>,11,10,b,false,false,718,718,16,1510,0,circle_contain,contsel,contjoinsel
1512,~=,11,10,b,false,false,718,718,16,1512,0,circle_same,eqsel,eqjoinsel
1513,&&,11,10,b,false,false,718,718,16,1513,0,circle_overlap,areasel,areajoinsel
1514,|>>,11,10,b,false,false,718,718,16,0,0,circle_above,positionsel,positionjoinsel
1515,<<|,11,10,b,false,false,718,718,16,0,0,circle_below,positionsel,positionjoinsel
1516,+,11,10,b,false,false,718,600,718,0,0,circle_add_pt,-,-
1517,-,11,10,b,false,false,718,600,718,0,0,circle_sub_pt,-,-
1518,*,11,10,b,false,false,718,600,718,0,0,circle_mul_pt,-,-
1519,/,11,10,b,false,false,718,600,718,0,0,circle_div_pt,-,-
1520,<->,11,10,b,false,false,718,718,701,1520,0,circle_distance,-,-
1521,#,11,10,l,false,false,0,604,23,0,0,poly_npoints,-,-
1522,<->,11,10,b,false,false,600,718,701,3291,0,dist_pc,-,-
3291,<->,11,10,b,false,false,718,600,701,1522,0,dist_cpoint,-,-
3276,<->,11,10,b,false,false,600,604,701,3289,0,dist_ppoly,-,-
3289,<->,11,10,b,false,false,604,600,701,3276,0,dist_polyp,-,-
1523,<->,11,10,b,false,false,718,604,701,0,0,dist_cpoly,-,-
1524,<->,11,10,b,false,false,628,603,701,0,0,dist_lb,-,-
1525,?#,11,10,b,false,false,601,601,16,1525,0,lseg_intersect,-,-
1526,?||,11,10,b,false,false,601,601,16,1526,0,lseg_parallel,-,-
1527,?-|,11,10,b,false,false,601,601,16,1527,0,lseg_perp,-,-
1528,?-,11,10,l,false,false,0,601,16,0,0,lseg_horizontal,-,-
1529,?|,11,10,l,false,false,0,601,16,0,0,lseg_vertical,-,-
1535,=,11,10,b,false,false,601,601,16,1535,1586,lseg_eq,eqsel,eqjoinsel
1536,#,11,10,b,false,false,601,601,600,1536,0,lseg_interpt,-,-
1537,?#,11,10,b,false,false,601,628,16,0,0,inter_sl,-,-
1538,?#,11,10,b,false,false,601,603,16,0,0,inter_sb,-,-
1539,?#,11,10,b,false,false,628,603,16,0,0,inter_lb,-,-
1546,<@,11,10,b,false,false,600,628,16,0,0,on_pl,-,-
1547,<@,11,10,b,false,false,600,601,16,0,0,on_ps,-,-
1548,<@,11,10,b,false,false,601,628,16,0,0,on_sl,-,-
1549,<@,11,10,b,false,false,601,603,16,0,0,on_sb,-,-
1557,##,11,10,b,false,false,600,628,600,0,0,close_pl,-,-
1558,##,11,10,b,false,false,600,601,600,0,0,close_ps,-,-
1559,##,11,10,b,false,false,600,603,600,0,0,close_pb,-,-
1566,##,11,10,b,false,false,601,628,600,0,0,close_sl,-,-
1567,##,11,10,b,false,false,601,603,600,0,0,close_sb,-,-
1568,##,11,10,b,false,false,628,603,600,0,0,close_lb,-,-
1577,##,11,10,b,false,false,628,601,600,0,0,close_ls,-,-
1578,##,11,10,b,false,false,601,601,600,0,0,close_lseg,-,-
1583,*,11,10,b,false,false,1186,701,1186,1584,0,interval_mul,-,-
1584,*,11,10,b,false,false,701,1186,1186,1583,0,mul_d_interval,-,-
1585,/,11,10,b,false,false,1186,701,1186,0,0,interval_div,-,-
1586,<>,11,10,b,false,false,601,601,16,1586,1535,lseg_ne,neqsel,neqjoinsel
1587,<,11,10,b,false,false,601,601,16,1589,1590,lseg_lt,-,-
1588,<=,11,10,b,false,false,601,601,16,1590,1589,lseg_le,-,-
1589,>,11,10,b,false,false,601,601,16,1587,1588,lseg_gt,-,-
1590,>=,11,10,b,false,false,601,601,16,1588,1587,lseg_ge,-,-
1591,@-@,11,10,l,false,false,0,601,701,0,0,lseg_length,-,-
1611,?#,11,10,b,false,false,628,628,16,1611,0,line_intersect,-,-
1612,?||,11,10,b,false,false,628,628,16,1612,0,line_parallel,-,-
1613,?-|,11,10,b,false,false,628,628,16,1613,0,line_perp,-,-
1614,?-,11,10,l,false,false,0,628,16,0,0,line_horizontal,-,-
1615,?|,11,10,l,false,false,0,628,16,0,0,line_vertical,-,-
1616,=,11,10,b,false,false,628,628,16,1616,0,line_eq,eqsel,eqjoinsel
1617,#,11,10,b,false,false,628,628,600,1617,0,line_interpt,-,-
1220,=,11,10,b,true,true,829,829,16,1220,1221,macaddr_eq,eqsel,eqjoinsel
1221,<>,11,10,b,false,false,829,829,16,1221,1220,macaddr_ne,neqsel,neqjoinsel
1222,<,11,10,b,false,false,829,829,16,1224,1225,macaddr_lt,scalarltsel,scalarltjoinsel
1223,<=,11,10,b,false,false,829,829,16,1225,1224,macaddr_le,scalarlesel,scalarlejoinsel
1224,>,11,10,b,false,false,829,829,16,1222,1223,macaddr_gt,scalargtsel,scalargtjoinsel
1225,>=,11,10,b,false,false,829,829,16,1223,1222,macaddr_ge,scalargesel,scalargejoinsel
3147,~,11,10,l,false,false,0,829,829,0,0,macaddr_not,-,-
3148,&,11,10,b,false,false,829,829,829,0,0,macaddr_and,-,-
3149,|,11,10,b,false,false,829,829,829,0,0,macaddr_or,-,-
3362,=,11,10,b,true,true,774,774,16,3362,3363,macaddr8_eq,eqsel,eqjoinsel
3363,<>,11,10,b,false,false,774,774,16,3363,3362,macaddr8_ne,neqsel,neqjoinsel
3364,<,11,10,b,false,false,774,774,16,3366,3367,macaddr8_lt,scalarltsel,scalarltjoinsel
3365,<=,11,10,b,false,false,774,774,16,3367,3366,macaddr8_le,scalarlesel,scalarlejoinsel
3366,>,11,10,b,false,false,774,774,16,3364,3365,macaddr8_gt,scalargtsel,scalargtjoinsel
3367,>=,11,10,b,false,false,774,774,16,3365,3364,macaddr8_ge,scalargesel,scalargejoinsel
3368,~,11,10,l,false,false,0,774,774,0,0,macaddr8_not,-,-
3369,&,11,10,b,false,false,774,774,774,0,0,macaddr8_and,-,-
3370,|,11,10,b,false,false,774,774,774,0,0,macaddr8_or,-,-
1201,=,11,10,b,true,true,869,869,16,1201,1202,network_eq,eqsel,eqjoinsel
1202,<>,11,10,b,false,false,869,869,16,1202,1201,network_ne,neqsel,neqjoinsel
1203,<,11,10,b,false,false,869,869,16,1205,1206,network_lt,scalarltsel,scalarltjoinsel
1204,<=,11,10,b,false,false,869,869,16,1206,1205,network_le,scalarlesel,scalarlejoinsel
1205,>,11,10,b,false,false,869,869,16,1203,1204,network_gt,scalargtsel,scalargtjoinsel
1206,>=,11,10,b,false,false,869,869,16,1204,1203,network_ge,scalargesel,scalargejoinsel
931,<<,11,10,b,false,false,869,869,16,933,0,network_sub,networksel,networkjoinsel
932,<<=,11,10,b,false,false,869,869,16,934,0,network_subeq,networksel,networkjoinsel
933,>>,11,10,b,false,false,869,869,16,931,0,network_sup,networksel,networkjoinsel
934,>>=,11,10,b,false,false,869,869,16,932,0,network_supeq,networksel,networkjoinsel
3552,&&,11,10,b,false,false,869,869,16,3552,0,network_overlap,networksel,networkjoinsel
2634,~,11,10,l,false,false,0,869,869,0,0,inetnot,-,-
2635,&,11,10,b,false,false,869,869,869,0,0,inetand,-,-
2636,|,11,10,b,false,false,869,869,869,0,0,inetor,-,-
2637,+,11,10,b,false,false,869,20,869,2638,0,inetpl,-,-
2638,+,11,10,b,false,false,20,869,869,2637,0,int8pl_inet,-,-
2639,-,11,10,b,false,false,869,20,869,0,0,inetmi_int8,-,-
2640,-,11,10,b,false,false,869,869,20,0,0,inetmi,-,-
1625,~~*,11,10,b,false,false,19,25,16,0,1626,nameiclike,iclikesel,iclikejoinsel
1626,!~~*,11,10,b,false,false,19,25,16,0,1625,nameicnlike,icnlikesel,icnlikejoinsel
1627,~~*,11,10,b,false,false,25,25,16,0,1628,texticlike,iclikesel,iclikejoinsel
1628,!~~*,11,10,b,false,false,25,25,16,0,1627,texticnlike,icnlikesel,icnlikejoinsel
1629,~~*,11,10,b,false,false,1042,25,16,0,1630,bpchariclike,iclikesel,iclikejoinsel
1630,!~~*,11,10,b,false,false,1042,25,16,0,1629,bpcharicnlike,icnlikesel,icnlikejoinsel
1751,-,11,10,l,false,false,0,1700,1700,0,0,numeric_uminus,-,-
1752,=,11,10,b,true,true,1700,1700,16,1752,1753,numeric_eq,eqsel,eqjoinsel
1753,<>,11,10,b,false,false,1700,1700,16,1753,1752,numeric_ne,neqsel,neqjoinsel
1754,<,11,10,b,false,false,1700,1700,16,1756,1757,numeric_lt,scalarltsel,scalarltjoinsel
1755,<=,11,10,b,false,false,1700,1700,16,1757,1756,numeric_le,scalarlesel,scalarlejoinsel
1756,>,11,10,b,false,false,1700,1700,16,1754,1755,numeric_gt,scalargtsel,scalargtjoinsel
1757,>=,11,10,b,false,false,1700,1700,16,1755,1754,numeric_ge,scalargesel,scalargejoinsel
1758,+,11,10,b,false,false,1700,1700,1700,1758,0,numeric_add,-,-
1759,-,11,10,b,false,false,1700,1700,1700,0,0,numeric_sub,-,-
1760,*,11,10,b,false,false,1700,1700,1700,1760,0,numeric_mul,-,-
1761,/,11,10,b,false,false,1700,1700,1700,0,0,numeric_div,-,-
1762,%,11,10,b,false,false,1700,1700,1700,0,0,numeric_mod,-,-
1038,^,11,10,b,false,false,1700,1700,1700,0,0,numeric_power,-,-
1763,@,11,10,l,false,false,0,1700,1700,0,0,numeric_abs,-,-
1784,=,11,10,b,true,false,1560,1560,16,1784,1785,biteq,eqsel,eqjoinsel
1785,<>,11,10,b,false,false,1560,1560,16,1785,1784,bitne,neqsel,neqjoinsel
1786,<,11,10,b,false,false,1560,1560,16,1787,1789,bitlt,scalarltsel,scalarltjoinsel
1787,>,11,10,b,false,false,1560,1560,16,1786,1788,bitgt,scalargtsel,scalargtjoinsel
1788,<=,11,10,b,false,false,1560,1560,16,1789,1787,bitle,scalarlesel,scalarlejoinsel
1789,>=,11,10,b,false,false,1560,1560,16,1788,1786,bitge,scalargesel,scalargejoinsel
1791,&,11,10,b,false,false,1560,1560,1560,1791,0,bitand,-,-
1792,|,11,10,b,false,false,1560,1560,1560,1792,0,bitor,-,-
1793,#,11,10,b,false,false,1560,1560,1560,1793,0,bitxor,-,-
1794,~,11,10,l,false,false,0,1560,1560,0,0,bitnot,-,-
1795,<<,11,10,b,false,false,1560,23,1560,0,0,bitshiftleft,-,-
1796,>>,11,10,b,false,false,1560,23,1560,0,0,bitshiftright,-,-
1797,||,11,10,b,false,false,1562,1562,1562,0,0,bitcat,-,-
1800,+,11,10,b,false,false,1083,1186,1083,1849,0,time_pl_interval,-,-
1801,-,11,10,b,false,false,1083,1186,1083,0,0,time_mi_interval,-,-
1802,+,11,10,b,false,false,1266,1186,1266,2552,0,timetz_pl_interval,-,-
1803,-,11,10,b,false,false,1266,1186,1266,0,0,timetz_mi_interval,-,-
1804,=,11,10,b,true,false,1562,1562,16,1804,1805,varbiteq,eqsel,eqjoinsel
1805,<>,11,10,b,false,false,1562,1562,16,1805,1804,varbitne,neqsel,neqjoinsel
1806,<,11,10,b,false,false,1562,1562,16,1807,1809,varbitlt,scalarltsel,scalarltjoinsel
1807,>,11,10,b,false,false,1562,1562,16,1806,1808,varbitgt,scalargtsel,scalargtjoinsel
1808,<=,11,10,b,false,false,1562,1562,16,1809,1807,varbitle,scalarlesel,scalarlejoinsel
1809,>=,11,10,b,false,false,1562,1562,16,1808,1806,varbitge,scalargesel,scalargejoinsel
1849,+,11,10,b,false,false,1186,1083,1083,1800,0,interval_pl_time,-,-
1862,=,11,10,b,true,true,21,20,16,1868,1863,int28eq,eqsel,eqjoinsel
1863,<>,11,10,b,false,false,21,20,16,1869,1862,int28ne,neqsel,neqjoinsel
1864,<,11,10,b,false,false,21,20,16,1871,1867,int28lt,scalarltsel,scalarltjoinsel
1865,>,11,10,b,false,false,21,20,16,1870,1866,int28gt,scalargtsel,scalargtjoinsel
1866,<=,11,10,b,false,false,21,20,16,1873,1865,int28le,scalarlesel,scalarlejoinsel
1867,>=,11,10,b,false,false,21,20,16,1872,1864,int28ge,scalargesel,scalargejoinsel
1868,=,11,10,b,true,true,20,21,16,1862,1869,int82eq,eqsel,eqjoinsel
1869,<>,11,10,b,false,false,20,21,16,1863,1868,int82ne,neqsel,neqjoinsel
1870,<,11,10,b,false,false,20,21,16,1865,1873,int82lt,scalarltsel,scalarltjoinsel
1871,>,11,10,b,false,false,20,21,16,1864,1872,int82gt,scalargtsel,scalargtjoinsel
1872,<=,11,10,b,false,false,20,21,16,1867,1871,int82le,scalarlesel,scalarlejoinsel
1873,>=,11,10,b,false,false,20,21,16,1866,1870,int82ge,scalargesel,scalargejoinsel
1874,&,11,10,b,false,false,21,21,21,1874,0,int2and,-,-
1875,|,11,10,b,false,false,21,21,21,1875,0,int2or,-,-
1876,#,11,10,b,false,false,21,21,21,1876,0,int2xor,-,-
1877,~,11,10,l,false,false,0,21,21,0,0,int2not,-,-
1878,<<,11,10,b,false,false,21,23,21,0,0,int2shl,-,-
1879,>>,11,10,b,false,false,21,23,21,0,0,int2shr,-,-
1880,&,11,10,b,false,false,23,23,23,1880,0,int4and,-,-
1881,|,11,10,b,false,false,23,23,23,1881,0,int4or,-,-
1882,#,11,10,b,false,false,23,23,23,1882,0,int4xor,-,-
1883,~,11,10,l,false,false,0,23,23,0,0,int4not,-,-
1884,<<,11,10,b,false,false,23,23,23,0,0,int4shl,-,-
1885,>>,11,10,b,false,false,23,23,23,0,0,int4shr,-,-
1886,&,11,10,b,false,false,20,20,20,1886,0,int8and,-,-
1887,|,11,10,b,false,false,20,20,20,1887,0,int8or,-,-
1888,#,11,10,b,false,false,20,20,20,1888,0,int8xor,-,-
1889,~,11,10,l,false,false,0,20,20,0,0,int8not,-,-
1890,<<,11,10,b,false,false,20,23,20,0,0,int8shl,-,-
1891,>>,11,10,b,false,false,20,23,20,0,0,int8shr,-,-
1916,+,11,10,l,false,false,0,20,20,0,0,int8up,-,-
1917,+,11,10,l,false,false,0,21,21,0,0,int2up,-,-
1918,+,11,10,l,false,false,0,23,23,0,0,int4up,-,-
1919,+,11,10,l,false,false,0,700,700,0,0,float4up,-,-
1920,+,11,10,l,false,false,0,701,701,0,0,float8up,-,-
1921,+,11,10,l,false,false,0,1700,1700,0,0,numeric_uplus,-,-
1955,=,11,10,b,true,true,17,17,16,1955,1956,byteaeq,eqsel,eqjoinsel
1956,<>,11,10,b,false,false,17,17,16,1956,1955,byteane,neqsel,neqjoinsel
1957,<,11,10,b,false,false,17,17,16,1959,1960,bytealt,scalarltsel,scalarltjoinsel
1958,<=,11,10,b,false,false,17,17,16,1960,1959,byteale,scalarlesel,scalarlejoinsel
1959,>,11,10,b,false,false,17,17,16,1957,1958,byteagt,scalargtsel,scalargtjoinsel
1960,>=,11,10,b,false,false,17,17,16,1958,1957,byteage,scalargesel,scalargejoinsel
2016,~~,11,10,b,false,false,17,17,16,0,2017,bytealike,likesel,likejoinsel
2017,!~~,11,10,b,false,false,17,17,16,0,2016,byteanlike,nlikesel,nlikejoinsel
2018,||,11,10,b,false,false,17,17,17,0,0,byteacat,-,-
2060,=,11,10,b,true,true,1114,1114,16,2060,2061,timestamp_eq,eqsel,eqjoinsel
2061,<>,11,10,b,false,false,1114,1114,16,2061,2060,timestamp_ne,neqsel,neqjoinsel
2062,<,11,10,b,false,false,1114,1114,16,2064,2065,timestamp_lt,scalarltsel,scalarltjoinsel
2063,<=,11,10,b,false,false,1114,1114,16,2065,2064,timestamp_le,scalarlesel,scalarlejoinsel
2064,>,11,10,b,false,false,1114,1114,16,2062,2063,timestamp_gt,scalargtsel,scalargtjoinsel
2065,>=,11,10,b,false,false,1114,1114,16,2063,2062,timestamp_ge,scalargesel,scalargejoinsel
2066,+,11,10,b,false,false,1114,1186,1114,2553,0,timestamp_pl_interval,-,-
2067,-,11,10,b,false,false,1114,1114,1186,0,0,timestamp_mi,-,-
2068,-,11,10,b,false,false,1114,1186,1114,0,0,timestamp_mi_interval,-,-
2314,~<~,11,10,b,false,false,25,25,16,2318,2317,text_pattern_lt,scalarltsel,scalarltjoinsel
2315,~<=~,11,10,b,false,false,25,25,16,2317,2318,text_pattern_le,scalarlesel,scalarlejoinsel
2317,~>=~,11,10,b,false,false,25,25,16,2315,2314,text_pattern_ge,scalargesel,scalargejoinsel
2318,~>~,11,10,b,false,false,25,25,16,2314,2315,text_pattern_gt,scalargtsel,scalargtjoinsel
2326,~<~,11,10,b,false,false,1042,1042,16,2330,2329,bpchar_pattern_lt,scalarltsel,scalarltjoinsel
2327,~<=~,11,10,b,false,false,1042,1042,16,2329,2330,bpchar_pattern_le,scalarlesel,scalarlejoinsel
2329,~>=~,11,10,b,false,false,1042,1042,16,2327,2326,bpchar_pattern_ge,scalargesel,scalargejoinsel
2330,~>~,11,10,b,false,false,1042,1042,16,2326,2327,bpchar_pattern_gt,scalargtsel,scalargtjoinsel
2345,<,11,10,b,false,false,1082,1114,16,2375,2348,date_lt_timestamp,scalarltsel,scalarltjoinsel
2346,<=,11,10,b,false,false,1082,1114,16,2374,2349,date_le_timestamp,scalarlesel,scalarlejoinsel
2347,=,11,10,b,true,false,1082,1114,16,2373,2350,date_eq_timestamp,eqsel,eqjoinsel
2348,>=,11,10,b,false,false,1082,1114,16,2372,2345,date_ge_timestamp,scalargesel,scalargejoinsel
2349,>,11,10,b,false,false,1082,1114,16,2371,2346,date_gt_timestamp,scalargtsel,scalargtjoinsel
2350,<>,11,10,b,false,false,1082,1114,16,2376,2347,date_ne_timestamp,neqsel,neqjoinsel
2358,<,11,10,b,false,false,1082,1184,16,2388,2361,date_lt_timestamptz,scalarltsel,scalarltjoinsel
2359,<=,11,10,b,false,false,1082,1184,16,2387,2362,date_le_timestamptz,scalarlesel,scalarlejoinsel
2360,=,11,10,b,true,false,1082,1184,16,2386,2363,date_eq_timestamptz,eqsel,eqjoinsel
2361,>=,11,10,b,false,false,1082,1184,16,2385,2358,date_ge_timestamptz,scalargesel,scalargejoinsel
2362,>,11,10,b,false,false,1082,1184,16,2384,2359,date_gt_timestamptz,scalargtsel,scalargtjoinsel
2363,<>,11,10,b,false,false,1082,1184,16,2389,2360,date_ne_timestamptz,neqsel,neqjoinsel
2371,<,11,10,b,false,false,1114,1082,16,2349,2374,timestamp_lt_date,scalarltsel,scalarltjoinsel
2372,<=,11,10,b,false,false,1114,1082,16,2348,2375,timestamp_le_date,scalarlesel,scalarlejoinsel
2373,=,11,10,b,true,false,1114,1082,16,2347,2376,timestamp_eq_date,eqsel,eqjoinsel
2374,>=,11,10,b,false,false,1114,1082,16,2346,2371,timestamp_ge_date,scalargesel,scalargejoinsel
2375,>,11,10,b,false,false,1114,1082,16,2345,2372,timestamp_gt_date,scalargtsel,scalargtjoinsel
2376,<>,11,10,b,false,false,1114,1082,16,2350,2373,timestamp_ne_date,neqsel,neqjoinsel
2384,<,11,10,b,false,false,1184,1082,16,2362,2387,timestamptz_lt_date,scalarltsel,scalarltjoinsel
2385,<=,11,10,b,false,false,1184,1082,16,2361,2388,timestamptz_le_date,scalarlesel,scalarlejoinsel
2386,=,11,10,b,true,false,1184,1082,16,2360,2389,timestamptz_eq_date,eqsel,eqjoinsel
2387,>=,11,10,b,false,false,1184,1082,16,2359,2384,timestamptz_ge_date,scalargesel,scalargejoinsel
2388,>,11,10,b,false,false,1184,1082,16,2358,2385,timestamptz_gt_date,scalargtsel,scalargtjoinsel
2389,<>,11,10,b,false,false,1184,1082,16,2363,2386,timestamptz_ne_date,neqsel,neqjoinsel
2534,<,11,10,b,false,false,1114,1184,16,2544,2537,timestamp_lt_timestamptz,scalarltsel,scalarltjoinsel
2535,<=,11,10,b,false,false,1114,1184,16,2543,2538,timestamp_le_timestamptz,scalarlesel,scalarlejoinsel
2536,=,11,10,b,true,false,1114,1184,16,2542,2539,timestamp_eq_timestamptz,eqsel,eqjoinsel
2537,>=,11,10,b,false,false,1114,1184,16,2541,2534,timestamp_ge_timestamptz,scalargesel,scalargejoinsel
2538,>,11,10,b,false,false,1114,1184,16,2540,2535,timestamp_gt_timestamptz,scalargtsel,scalargtjoinsel
2539,<>,11,10,b,false,false,1114,1184,16,2545,2536,timestamp_ne_timestamptz,neqsel,neqjoinsel
2540,<,11,10,b,false,false,1184,1114,16,2538,2543,timestamptz_lt_timestamp,scalarltsel,scalarltjoinsel
2541,<=,11,10,b,false,false,1184,1114,16,2537,2544,timestamptz_le_timestamp,scalarlesel,scalarlejoinsel
2542,=,11,10,b,true,false,1184,1114,16,2536,2545,timestamptz_eq_timestamp,eqsel,eqjoinsel
2543,>=,11,10,b,false,false,1184,1114,16,2535,2540,timestamptz_ge_timestamp,scalargesel,scalargejoinsel
2544,>,11,10,b,false,false,1184,1114,16,2534,2541,timestamptz_gt_timestamp,scalargtsel,scalargtjoinsel
2545,<>,11,10,b,false,false,1184,1114,16,2539,2542,timestamptz_ne_timestamp,neqsel,neqjoinsel
2551,+,11,10,b,false,false,1186,1082,1114,1076,0,interval_pl_date,-,-
2552,+,11,10,b,false,false,1186,1266,1266,1802,0,interval_pl_timetz,-,-
2553,+,11,10,b,false,false,1186,1114,1114,2066,0,interval_pl_timestamp,-,-
2554,+,11,10,b,false,false,1186,1184,1184,1327,0,interval_pl_timestamptz,-,-
2555,+,11,10,b,false,false,23,1082,1082,1100,0,integer_pl_date,-,-
2570,<<|,11,10,b,false,false,603,603,16,0,0,box_below,positionsel,positionjoinsel
2571,&<|,11,10,b,false,false,603,603,16,0,0,box_overbelow,positionsel,positionjoinsel
2572,|&>,11,10,b,false,false,603,603,16,0,0,box_overabove,positionsel,positionjoinsel
2573,|>>,11,10,b,false,false,603,603,16,0,0,box_above,positionsel,positionjoinsel
2574,<<|,11,10,b,false,false,604,604,16,0,0,poly_below,positionsel,positionjoinsel
2575,&<|,11,10,b,false,false,604,604,16,0,0,poly_overbelow,positionsel,positionjoinsel
2576,|&>,11,10,b,false,false,604,604,16,0,0,poly_overabove,positionsel,positionjoinsel
2577,|>>,11,10,b,false,false,604,604,16,0,0,poly_above,positionsel,positionjoinsel
2589,&<|,11,10,b,false,false,718,718,16,0,0,circle_overbelow,positionsel,positionjoinsel
2590,|&>,11,10,b,false,false,718,718,16,0,0,circle_overabove,positionsel,positionjoinsel
2750,&&,11,10,b,false,false,2277,2277,16,2750,0,arrayoverlap,arraycontsel,arraycontjoinsel
2751,@>,11,10,b,false,false,2277,2277,16,2752,0,arraycontains,arraycontsel,arraycontjoinsel
2752,<@,11,10,b,false,false,2277,2277,16,2751,0,arraycontained,arraycontsel,arraycontjoinsel
2779,||,11,10,b,false,false,25,2776,25,0,0,textanycat,-,-
2780,||,11,10,b,false,false,2776,25,25,0,0,anytextcat,-,-
2860,@,11,10,b,false,false,604,604,16,2861,0,poly_contained,contsel,contjoinsel
2861,~,11,10,b,false,false,604,604,16,2860,0,poly_contain,contsel,contjoinsel
2862,@,11,10,b,false,false,603,603,16,2863,0,box_contained,contsel,contjoinsel
2863,~,11,10,b,false,false,603,603,16,2862,0,box_contain,contsel,contjoinsel
2864,@,11,10,b,false,false,718,718,16,2865,0,circle_contained,contsel,contjoinsel
2865,~,11,10,b,false,false,718,718,16,2864,0,circle_contain,contsel,contjoinsel
2866,@,11,10,b,false,false,600,603,16,0,0,on_pb,-,-
2867,@,11,10,b,false,false,600,602,16,2868,0,on_ppath,-,-
2868,~,11,10,b,false,false,602,600,16,2867,0,path_contain_pt,-,-
2869,@,11,10,b,false,false,600,604,16,2870,0,pt_contained_poly,-,-
2870,~,11,10,b,false,false,604,600,16,2869,0,poly_contain_pt,-,-
2871,@,11,10,b,false,false,600,718,16,2872,0,pt_contained_circle,-,-
2872,~,11,10,b,false,false,718,600,16,2871,0,circle_contain_pt,-,-
2873,@,11,10,b,false,false,600,628,16,0,0,on_pl,-,-
2874,@,11,10,b,false,false,600,601,16,0,0,on_ps,-,-
2875,@,11,10,b,false,false,601,628,16,0,0,on_sl,-,-
2876,@,11,10,b,false,false,601,603,16,0,0,on_sb,-,-
2877,~,11,10,b,false,false,1034,1033,16,0,0,aclcontains,-,-
2972,=,11,10,b,true,true,2950,2950,16,2972,2973,uuid_eq,eqsel,eqjoinsel
2973,<>,11,10,b,false,false,2950,2950,16,2973,2972,uuid_ne,neqsel,neqjoinsel
2974,<,11,10,b,false,false,2950,2950,16,2975,2977,uuid_lt,scalarltsel,scalarltjoinsel
2975,>,11,10,b,false,false,2950,2950,16,2974,2976,uuid_gt,scalargtsel,scalargtjoinsel
2976,<=,11,10,b,false,false,2950,2950,16,2977,2975,uuid_le,scalarlesel,scalarlejoinsel
2977,>=,11,10,b,false,false,2950,2950,16,2976,2974,uuid_ge,scalargesel,scalargejoinsel
3222,=,11,10,b,true,true,3220,3220,16,3222,3223,pg_lsn_eq,eqsel,eqjoinsel
3223,<>,11,10,b,false,false,3220,3220,16,3223,3222,pg_lsn_ne,neqsel,neqjoinsel
3224,<,11,10,b,false,false,3220,3220,16,3225,3227,pg_lsn_lt,scalarltsel,scalarltjoinsel
3225,>,11,10,b,false,false,3220,3220,16,3224,3226,pg_lsn_gt,scalargtsel,scalargtjoinsel
3226,<=,11,10,b,false,false,3220,3220,16,3227,3225,pg_lsn_le,scalarlesel,scalarlejoinsel
3227,>=,11,10,b,false,false,3220,3220,16,3226,3224,pg_lsn_ge,scalargesel,scalargejoinsel
3228,-,11,10,b,false,false,3220,3220,1700,0,0,pg_lsn_mi,-,-
3516,=,11,10,b,true,true,3500,3500,16,3516,3517,enum_eq,eqsel,eqjoinsel
3517,<>,11,10,b,false,false,3500,3500,16,3517,3516,enum_ne,neqsel,neqjoinsel
3518,<,11,10,b,false,false,3500,3500,16,3519,3521,enum_lt,scalarltsel,scalarltjoinsel
3519,>,11,10,b,false,false,3500,3500,16,3518,3520,enum_gt,scalargtsel,scalargtjoinsel
3520,<=,11,10,b,false,false,3500,3500,16,3521,3519,enum_le,scalarlesel,scalarlejoinsel
3521,>=,11,10,b,false,false,3500,3500,16,3520,3518,enum_ge,scalargesel,scalargejoinsel
3627,<,11,10,b,false,false,3614,3614,16,3632,3631,tsvector_lt,scalarltsel,scalarltjoinsel
3628,<=,11,10,b,false,false,3614,3614,16,3631,3632,tsvector_le,scalarlesel,scalarlejoinsel
3629,=,11,10,b,true,false,3614,3614,16,3629,3630,tsvector_eq,eqsel,eqjoinsel
3630,<>,11,10,b,false,false,3614,3614,16,3630,3629,tsvector_ne,neqsel,neqjoinsel
3631,>=,11,10,b,false,false,3614,3614,16,3628,3627,tsvector_ge,scalargesel,scalargejoinsel
3632,>,11,10,b,false,false,3614,3614,16,3627,3628,tsvector_gt,scalargtsel,scalargtjoinsel
3633,||,11,10,b,false,false,3614,3614,3614,0,0,tsvector_concat,-,-
3636,@@,11,10,b,false,false,3614,3615,16,3637,0,ts_match_vq,tsmatchsel,tsmatchjoinsel
3637,@@,11,10,b,false,false,3615,3614,16,3636,0,ts_match_qv,tsmatchsel,tsmatchjoinsel
3660,@@@,11,10,b,false,false,3614,3615,16,3661,0,ts_match_vq,tsmatchsel,tsmatchjoinsel
3661,@@@,11,10,b,false,false,3615,3614,16,3660,0,ts_match_qv,tsmatchsel,tsmatchjoinsel
3674,<,11,10,b,false,false,3615,3615,16,3679,3678,tsquery_lt,scalarltsel,scalarltjoinsel
3675,<=,11,10,b,false,false,3615,3615,16,3678,3679,tsquery_le,scalarlesel,scalarlejoinsel
3676,=,11,10,b,true,false,3615,3615,16,3676,3677,tsquery_eq,eqsel,eqjoinsel
3677,<>,11,10,b,false,false,3615,3615,16,3677,3676,tsquery_ne,neqsel,neqjoinsel
3678,>=,11,10,b,false,false,3615,3615,16,3675,3674,tsquery_ge,scalargesel,scalargejoinsel
3679,>,11,10,b,false,false,3615,3615,16,3674,3675,tsquery_gt,scalargtsel,scalargtjoinsel
3680,&&,11,10,b,false,false,3615,3615,3615,0,0,tsquery_and,-,-
3681,||,11,10,b,false,false,3615,3615,3615,0,0,tsquery_or,-,-
5005,<->,11,10,b,false,false,3615,3615,3615,0,0,pg_catalog.tsquery_phrase,-,-
3682,!!,11,10,l,false,false,0,3615,3615,0,0,tsquery_not,-,-
3693,@>,11,10,b,false,false,3615,3615,16,3694,0,tsq_mcontains,contsel,contjoinsel
3694,<@,11,10,b,false,false,3615,3615,16,3693,0,tsq_mcontained,contsel,contjoinsel
3762,@@,11,10,b,false,false,25,25,16,0,0,ts_match_tt,contsel,contjoinsel
3763,@@,11,10,b,false,false,25,3615,16,0,0,ts_match_tq,contsel,contjoinsel
2988,=,11,10,b,true,false,2249,2249,16,2988,2989,record_eq,eqsel,eqjoinsel
2989,<>,11,10,b,false,false,2249,2249,16,2989,2988,record_ne,neqsel,neqjoinsel
2990,<,11,10,b,false,false,2249,2249,16,2991,2993,record_lt,scalarltsel,scalarltjoinsel
2991,>,11,10,b,false,false,2249,2249,16,2990,2992,record_gt,scalargtsel,scalargtjoinsel
2992,<=,11,10,b,false,false,2249,2249,16,2993,2991,record_le,scalarlesel,scalarlejoinsel
2993,>=,11,10,b,false,false,2249,2249,16,2992,2990,record_ge,scalargesel,scalargejoinsel
3188,*=,11,10,b,true,false,2249,2249,16,3188,3189,record_image_eq,eqsel,eqjoinsel
3189,*<>,11,10,b,false,false,2249,2249,16,3189,3188,record_image_ne,neqsel,neqjoinsel
3190,*<,11,10,b,false,false,2249,2249,16,3191,3193,record_image_lt,scalarltsel,scalarltjoinsel
3191,*>,11,10,b,false,false,2249,2249,16,3190,3192,record_image_gt,scalargtsel,scalargtjoinsel
3192,*<=,11,10,b,false,false,2249,2249,16,3193,3191,record_image_le,scalarlesel,scalarlejoinsel
3193,*>=,11,10,b,false,false,2249,2249,16,3192,3190,record_image_ge,scalargesel,scalargejoinsel
3882,=,11,10,b,true,true,3831,3831,16,3882,3883,range_eq,eqsel,eqjoinsel
3883,<>,11,10,b,false,false,3831,3831,16,3883,3882,range_ne,neqsel,neqjoinsel
3884,<,11,10,b,false,false,3831,3831,16,3887,3886,range_lt,rangesel,scalarltjoinsel
3885,<=,11,10,b,false,false,3831,3831,16,3886,3887,range_le,rangesel,scalarlejoinsel
3886,>=,11,10,b,false,false,3831,3831,16,3885,3884,range_ge,rangesel,scalargejoinsel
3887,>,11,10,b,false,false,3831,3831,16,3884,3885,range_gt,rangesel,scalargtjoinsel
3888,&&,11,10,b,false,false,3831,3831,16,3888,0,range_overlaps,rangesel,areajoinsel
3889,@>,11,10,b,false,false,3831,2283,16,3891,0,range_contains_elem,rangesel,contjoinsel
3890,@>,11,10,b,false,false,3831,3831,16,3892,0,range_contains,rangesel,contjoinsel
3891,<@,11,10,b,false,false,2283,3831,16,3889,0,elem_contained_by_range,rangesel,contjoinsel
3892,<@,11,10,b,false,false,3831,3831,16,3890,0,range_contained_by,rangesel,contjoinsel
3893,<<,11,10,b,false,false,3831,3831,16,3894,0,range_before,rangesel,scalarltjoinsel
3894,>>,11,10,b,false,false,3831,3831,16,3893,0,range_after,rangesel,scalargtjoinsel
3895,&<,11,10,b,false,false,3831,3831,16,0,0,range_overleft,rangesel,scalarltjoinsel
3896,&>,11,10,b,false,false,3831,3831,16,0,0,range_overright,rangesel,scalargtjoinsel
3897,-|-,11,10,b,false,false,3831,3831,16,3897,0,range_adjacent,contsel,contjoinsel
3898,+,11,10,b,false,false,3831,3831,3831,3898,0,range_union,-,-
3899,-,11,10,b,false,false,3831,3831,3831,0,0,range_minus,-,-
3900,*,11,10,b,false,false,3831,3831,3831,3900,0,range_intersect,-,-
3962,->,11,10,b,false,false,114,25,114,0,0,json_object_field,-,-
3963,->>,11,10,b,false,false,114,25,25,0,0,json_object_field_text,-,-
3964,->,11,10,b,false,false,114,23,114,0,0,json_array_element,-,-
3965,->>,11,10,b,false,false,114,23,25,0,0,json_array_element_text,-,-
3966,#>,11,10,b,false,false,114,1009,114,0,0,json_extract_path,-,-
3967,#>>,11,10,b,false,false,114,1009,25,0,0,json_extract_path_text,-,-
3211,->,11,10,b,false,false,3802,25,3802,0,0,jsonb_object_field,-,-
3477,->>,11,10,b,false,false,3802,25,25,0,0,jsonb_object_field_text,-,-
3212,->,11,10,b,false,false,3802,23,3802,0,0,jsonb_array_element,-,-
3481,->>,11,10,b,false,false,3802,23,25,0,0,jsonb_array_element_text,-,-
3213,#>,11,10,b,false,false,3802,1009,3802,0,0,jsonb_extract_path,-,-
3206,#>>,11,10,b,false,false,3802,1009,25,0,0,jsonb_extract_path_text,-,-
3240,=,11,10,b,true,true,3802,3802,16,3240,3241,jsonb_eq,eqsel,eqjoinsel
3241,<>,11,10,b,false,false,3802,3802,16,3241,3240,jsonb_ne,neqsel,neqjoinsel
3242,<,11,10,b,false,false,3802,3802,16,3243,3245,jsonb_lt,scalarltsel,scalarltjoinsel
3243,>,11,10,b,false,false,3802,3802,16,3242,3244,jsonb_gt,scalargtsel,scalargtjoinsel
3244,<=,11,10,b,false,false,3802,3802,16,3245,3243,jsonb_le,scalarlesel,scalarlejoinsel
3245,>=,11,10,b,false,false,3802,3802,16,3244,3242,jsonb_ge,scalargesel,scalargejoinsel
3246,@>,11,10,b,false,false,3802,3802,16,3250,0,jsonb_contains,contsel,contjoinsel
3247,?,11,10,b,false,false,3802,25,16,0,0,jsonb_exists,contsel,contjoinsel
3248,?|,11,10,b,false,false,3802,1009,16,0,0,jsonb_exists_any,contsel,contjoinsel
3249,?&,11,10,b,false,false,3802,1009,16,0,0,jsonb_exists_all,contsel,contjoinsel
3250,<@,11,10,b,false,false,3802,3802,16,3246,0,jsonb_contained,contsel,contjoinsel
3284,||,11,10,b,false,false,3802,3802,3802,0,0,jsonb_concat,-,-
3285,-,11,10,b,false,false,3802,25,3802,0,0,pg_catalog.jsonb_delete,-,-
3398,-,11,10,b,false,false,3802,1009,3802,0,0,pg_catalog.jsonb_delete,-,-
3286,-,11,10,b,false,false,3802,23,3802,0,0,pg_catalog.jsonb_delete,-,-
3287,#-,11,10,b,false,false,3802,1009,3802,0,0,jsonb_delete_path,-,-
4012,@?,11,10,b,false,false,3802,4072,16,0,0,jsonb_path_exists_opr,contsel,contjoinsel
4013,@@,11,10,b,false,false,3802,4072,16,0,0,jsonb_path_match_opr,contsel,contjoinsel
