35328,35322,RI_ConstraintTrigger_a_35328,1648,9,O,true,35322,35325,35327,false,false,0,"","",,,
35329,35322,RI_ConstraintTrigger_a_35329,1655,17,O,true,35322,35325,35327,false,false,0,"","",,,
35330,35322,RI_ConstraintTrigger_c_35330,1644,5,O,true,35322,35325,35327,false,false,0,"","",,,
35331,35322,RI_ConstraintTrigger_c_35331,1645,17,O,true,35322,35325,35327,false,false,0,"","",,,
35374,35368,RI_ConstraintTrigger_a_35374,1648,9,O,true,35368,35371,35373,false,false,0,"","",,,
35375,35368,RI_ConstraintTrigger_a_35375,1655,17,O,true,35368,35371,35373,false,false,0,"","",,,
35376,35368,RI_ConstraintTrigger_c_35376,1644,5,O,true,35368,35371,35373,false,false,0,"","",,,
35377,35368,RI_ConstraintTrigger_c_35377,1645,17,O,true,35368,35371,35373,false,false,0,"","",,,
35379,35334,RI_ConstraintTrigger_a_35379,1648,9,O,true,35368,35337,35378,false,false,0,"","",,,
35380,35334,RI_ConstraintTrigger_a_35380,1655,17,O,true,35368,35337,35378,false,false,0,"","",,,
35381,35368,RI_ConstraintTrigger_c_35381,1644,5,O,true,35334,35337,35378,false,false,0,"","",,,
35382,35368,RI_ConstraintTrigger_c_35382,1645,17,O,true,35334,35337,35378,false,false,0,"","",,,
35391,35312,RI_ConstraintTrigger_a_35391,1648,9,O,true,35385,35318,35390,false,false,0,"","",,,
35392,35312,RI_ConstraintTrigger_a_35392,1655,17,O,true,35385,35318,35390,false,false,0,"","",,,
35393,35385,RI_ConstraintTrigger_c_35393,1644,5,O,true,35312,35318,35390,false,false,0,"","",,,
35394,35385,RI_ConstraintTrigger_c_35394,1645,17,O,true,35312,35318,35390,false,false,0,"","",,,
35396,35341,RI_ConstraintTrigger_a_35396,1648,9,O,true,35385,35344,35395,false,false,0,"","",,,
35397,35341,RI_ConstraintTrigger_a_35397,1655,17,O,true,35385,35344,35395,false,false,0,"","",,,
35398,35385,RI_ConstraintTrigger_c_35398,1644,5,O,true,35341,35344,35395,false,false,0,"","",,,
35399,35385,RI_ConstraintTrigger_c_35399,1645,17,O,true,35341,35344,35395,false,false,0,"","",,,
35411,35341,RI_ConstraintTrigger_a_35411,1648,9,O,true,35402,35344,35410,false,false,0,"","",,,
35412,35341,RI_ConstraintTrigger_a_35412,1655,17,O,true,35402,35344,35410,false,false,0,"","",,,
35413,35402,RI_ConstraintTrigger_c_35413,1644,5,O,true,35341,35344,35410,false,false,0,"","",,,
35414,35402,RI_ConstraintTrigger_c_35414,1645,17,O,true,35341,35344,35410,false,false,0,"","",,,
35426,35417,RI_ConstraintTrigger_a_35426,1648,9,O,true,35417,35423,35425,false,false,0,"","",,,
35427,35417,RI_ConstraintTrigger_a_35427,1655,17,O,true,35417,35423,35425,false,false,0,"","",,,
35428,35417,RI_ConstraintTrigger_c_35428,1644,5,O,true,35417,35423,35425,false,false,0,"","",,,
35429,35417,RI_ConstraintTrigger_c_35429,1645,17,O,true,35417,35423,35425,false,false,0,"","",,,
35431,35368,RI_ConstraintTrigger_a_35431,1648,9,O,true,35417,35371,35430,false,false,0,"","",,,
35432,35368,RI_ConstraintTrigger_a_35432,1655,17,O,true,35417,35371,35430,false,false,0,"","",,,
35433,35417,RI_ConstraintTrigger_c_35433,1644,5,O,true,35368,35371,35430,false,false,0,"","",,,
35434,35417,RI_ConstraintTrigger_c_35434,1645,17,O,true,35368,35371,35430,false,false,0,"","",,,
35443,35417,RI_ConstraintTrigger_a_35443,1646,9,O,true,35437,35423,35442,false,false,0,"","",,,
35444,35417,RI_ConstraintTrigger_a_35444,1655,17,O,true,35437,35423,35442,false,false,0,"","",,,
35445,35437,RI_ConstraintTrigger_c_35445,1644,5,O,true,35417,35423,35442,false,false,0,"","",,,
35446,35437,RI_ConstraintTrigger_c_35446,1645,17,O,true,35417,35423,35442,false,false,0,"","",,,
35455,35322,RI_ConstraintTrigger_a_35455,1648,9,O,true,35449,35325,35454,false,false,0,"","",,,
35456,35322,RI_ConstraintTrigger_a_35456,1655,17,O,true,35449,35325,35454,false,false,0,"","",,,
35457,35449,RI_ConstraintTrigger_c_35457,1644,5,O,true,35322,35325,35454,false,false,0,"","",,,
35458,35449,RI_ConstraintTrigger_c_35458,1645,17,O,true,35322,35325,35454,false,false,0,"","",,,
35460,35437,RI_ConstraintTrigger_a_35460,1648,9,O,true,35449,35440,35459,false,false,0,"","",,,
35461,35437,RI_ConstraintTrigger_a_35461,1655,17,O,true,35449,35440,35459,false,false,0,"","",,,
35462,35449,RI_ConstraintTrigger_c_35462,1644,5,O,true,35437,35440,35459,false,false,0,"","",,,
35463,35449,RI_ConstraintTrigger_c_35463,1645,17,O,true,35437,35440,35459,false,false,0,"","",,,
35465,35348,RI_ConstraintTrigger_a_35465,1648,9,O,true,35449,35354,35464,false,false,0,"","",,,
35466,35348,RI_ConstraintTrigger_a_35466,1655,17,O,true,35449,35354,35464,false,false,0,"","",,,
35467,35449,RI_ConstraintTrigger_c_35467,1644,5,O,true,35348,35354,35464,false,false,0,"","",,,
35468,35449,RI_ConstraintTrigger_c_35468,1645,17,O,true,35348,35354,35464,false,false,0,"","",,,
35477,35449,RI_ConstraintTrigger_a_35477,1648,9,O,true,35471,35452,35476,false,false,0,"","",,,
35478,35449,RI_ConstraintTrigger_a_35478,1655,17,O,true,35471,35452,35476,false,false,0,"","",,,
35479,35471,RI_ConstraintTrigger_c_35479,1644,5,O,true,35449,35452,35476,false,false,0,"","",,,
35480,35471,RI_ConstraintTrigger_c_35480,1645,17,O,true,35449,35452,35476,false,false,0,"","",,,
35482,35417,RI_ConstraintTrigger_a_35482,1648,9,O,true,35471,35423,35481,false,false,0,"","",,,
35483,35417,RI_ConstraintTrigger_a_35483,1655,17,O,true,35471,35423,35481,false,false,0,"","",,,
35484,35471,RI_ConstraintTrigger_c_35484,1644,5,O,true,35417,35423,35481,false,false,0,"","",,,
35485,35471,RI_ConstraintTrigger_c_35485,1645,17,O,true,35417,35423,35481,false,false,0,"","",,,
